<?xml version="1.0" encoding="UTF-8"?>
<bom serialNumber="urn:uuid:fde3bb5d-90d8-3f41-8cbb-e0d768ed364e" version="1" xmlns="http://cyclonedx.org/schema/bom/1.6">
  <metadata>
    <lifecycles>
      <lifecycle>
        <phase>build</phase>
      </lifecycle>
    </lifecycles>
    <tools>
      <components>
        <component type="library">
          <author>OWASP Foundation</author>
          <group>org.cyclonedx</group>
          <name>cyclonedx-maven-plugin</name>
          <version>2.9.1</version>
          <description>CycloneDX Maven plugin</description>
          <hashes>
            <hash alg="MD5">9c7a565cf28cce58557d0c621c5ea4b1</hash>
            <hash alg="SHA-1">be882d5a22050bfa9d19090b1420c188617d0e1c</hash>
            <hash alg="SHA-256">698e0f37184a5b28c245c4065fd036dfce253b52f82fbb7113d81d36326cc249</hash>
            <hash alg="SHA-512">c0f0b11026858166f872a2eb54719492e5cecaa0bc9cd6b30b3ecb4a174eed220f4a1b5829d18d6734128e778d3cb3db7ffed177c92866133129cb29081814a0</hash>
            <hash alg="SHA-384">d80964707dfe5caca8c70521d5066f57589304c0a657e6fbc7c0614ea0fc7b3b3dbe7778361eee0f54ba111e9cb0ffcb</hash>
            <hash alg="SHA3-384">80bc3a275d9514bc457461ff52a72add8c7ecbbc01d8912efce57139016c544ee776981851be0a58fa977ab4221f703f</hash>
            <hash alg="SHA3-256">142317d6f245390f4fd2d0c100b16281b8dfc5c0c2cff86943bdcc97039cb699</hash>
            <hash alg="SHA3-512">af0fb9137c90b65d1a07f72e4d51ae509956cdb8800f35c961b037cdda1fe4a14ce3b496cef71ba85f1621affcfe29cd42704ae4191ff0b090a9602087c8997b</hash>
          </hashes>
        </component>
      </components>
    </tools>
    <component type="library" bom-ref="pkg:maven/org.apache.logging.log4j/log4j-mongodb@2.25.3?type=jar">
      <publisher>The Apache Software Foundation</publisher>
      <group>org.apache.logging.log4j</group>
      <name>log4j-mongodb</name>
      <version>2.25.3</version>
      <description>MongoDB appender for Log4j using the MongoDB 5 driver API.</description>
      <licenses>
        <license>
          <id>Apache-2.0</id>
          <url>https://www.apache.org/licenses/LICENSE-2.0</url>
        </license>
      </licenses>
      <purl>pkg:maven/org.apache.logging.log4j/log4j-mongodb@2.25.3?type=jar</purl>
      <externalReferences>
        <reference type="vulnerability-assertion">
          <url>https://logging.apache.org/cyclonedx/vdr.xml</url>
        </reference>
        <reference type="website">
          <url>https://logging.apache.org/log4j/2.x/</url>
        </reference>
        <reference type="build-system">
          <url>https://github.com/apache/logging-log4j2/actions</url>
        </reference>
        <reference type="distribution">
          <url>https://logging.apache.org/log4j/2.x/download.html</url>
        </reference>
        <reference type="distribution-intake">
          <url>https://repository.apache.org/service/local/staging/deploy/maven2</url>
        </reference>
        <reference type="issue-tracker">
          <url>https://github.com/apache/logging-log4j2/issues</url>
        </reference>
        <reference type="mailing-list">
          <url>https://lists.apache.org/list.html?log4j-user@logging.apache.org</url>
        </reference>
        <reference type="vcs">
          <url>https://github.com/apache/logging-log4j2</url>
        </reference>
      </externalReferences>
    </component>
    <properties>
      <property name="maven.goal">makeBom</property>
      <property name="maven.scopes">compile,provided,runtime,system</property>
      <property name="cdx:reproducible">enabled</property>
    </properties>
  </metadata>
  <components>
    <component type="library" bom-ref="pkg:maven/org.apache.logging.log4j/log4j-api@2.25.3?type=jar">
      <publisher>The Apache Software Foundation</publisher>
      <group>org.apache.logging.log4j</group>
      <name>log4j-api</name>
      <version>2.25.3</version>
      <description>The logging API of the Log4j project.
    Library and application code can log through this API.
    It contains a simple built-in implementation (`SimpleLogger`) for trivial use cases.
    Production applications are recommended to use Log4j API in combination with a fully-fledged implementation, such as Log4j Core.</description>
      <scope>required</scope>
      <hashes>
        <hash alg="MD5">7061652b4274beeaa657ec908e83f491</hash>
        <hash alg="SHA-1">fb385330d89c2d61058ef649403f214633569205</hash>
        <hash alg="SHA-256">e886682920fa0fb9d6eb6395dcb4de088443f8646c89c5e5846e168e327f406f</hash>
        <hash alg="SHA-512">ce9aaf5beec0fb8cbed8c4ae8a91a58d3f6935c731220b294d70f1569128b5ff367e1bf94d69572dd7ab05bff2a63bde5ff7489eb9743e8c307b644eaeadbc50</hash>
        <hash alg="SHA-384">01b25f254468505753909fac3077dd62281aa34c897df3207b64a12999793adfbb1f6eb3cfce92d923e3110a4f5181e0</hash>
        <hash alg="SHA3-384">335eac952137a938a2f904819e000b969553fca341ff532e9af341e5a90b85f4335c1da69daf7d366970ac28d9ea7e1b</hash>
        <hash alg="SHA3-256">6dd281f828720e67baa3c9b0234b4e506918f2f0ec820cc1df7d93ddb6dfc9af</hash>
        <hash alg="SHA3-512">dfcfc37356e5604ac28643fc53ab8b04a5971aeb8daeaab83b5782f215dd53cb9517dbd41b32600f50d2ef878aa49e68e3aaaeeaa414e25b13e7aba032480dbc</hash>
      </hashes>
      <licenses>
        <license>
          <id>Apache-2.0</id>
          <url>https://www.apache.org/licenses/LICENSE-2.0</url>
        </license>
      </licenses>
      <purl>pkg:maven/org.apache.logging.log4j/log4j-api@2.25.3?type=jar</purl>
      <externalReferences>
        <reference type="website">
          <url>https://logging.apache.org/log4j/2.x/</url>
        </reference>
        <reference type="build-system">
          <url>https://github.com/apache/logging-log4j2/actions</url>
        </reference>
        <reference type="issue-tracker">
          <url>https://github.com/apache/logging-log4j2/issues</url>
        </reference>
        <reference type="mailing-list">
          <url>https://lists.apache.org/list.html?log4j-user@logging.apache.org</url>
        </reference>
        <reference type="vcs">
          <url>https://github.com/apache/logging-log4j2</url>
        </reference>
      </externalReferences>
    </component>
    <component type="library" bom-ref="pkg:maven/org.apache.logging.log4j/log4j-mongodb4@2.25.3?type=jar">
      <publisher>The Apache Software Foundation</publisher>
      <group>org.apache.logging.log4j</group>
      <name>log4j-mongodb4</name>
      <version>2.25.3</version>
      <description>MongoDB appender for Log4j using the MongoDB 4 driver API.</description>
      <scope>required</scope>
      <hashes>
        <hash alg="MD5">f3512b90f1a5d8569c62cbe539f29d6c</hash>
        <hash alg="SHA-1">4abf9c8d5ee30355cfaa24267f84e0afd67c9002</hash>
        <hash alg="SHA-256">34303125de0697299c41ccfada9b4ea804a2b61f13a333f83b19d4131f8c3867</hash>
        <hash alg="SHA-512">d0d36edbbcbf1b1a4e6ecd2bf2303a33561c4e4145abf18fdece0940e1f5675ffafa0590555f053d4b4656c4d1af0a13206cff9d241bb35baded56631061fc9d</hash>
        <hash alg="SHA-384">cecf6c18680aec0035d215b56ce9346dba5ee6646dd0e5fbd5cf51a76958f21608529d47f238e198f3609a14744150eb</hash>
        <hash alg="SHA3-384">86f44de980a8d8a031be8eeaffab1d91886845a61368546ac3ca523562755fa733b723dbdc4bd012fd4af20c3eac23c0</hash>
        <hash alg="SHA3-256">d34351b83408f64d1b7d14c74df89b87162dfafdfaa2999089b2bda7eee3fdc8</hash>
        <hash alg="SHA3-512">58e83085ac3c021e4e16826a205cce3d6ca3d2eefc078bf4db880f3770bca4d3f6ae8504b2d9cb70a88875163ddf713b45ccdefef5d70614f4aedb58a9db618f</hash>
      </hashes>
      <licenses>
        <license>
          <id>Apache-2.0</id>
          <url>https://www.apache.org/licenses/LICENSE-2.0</url>
        </license>
      </licenses>
      <purl>pkg:maven/org.apache.logging.log4j/log4j-mongodb4@2.25.3?type=jar</purl>
      <externalReferences>
        <reference type="website">
          <url>https://logging.apache.org/log4j/2.x/</url>
        </reference>
        <reference type="build-system">
          <url>https://github.com/apache/logging-log4j2/actions</url>
        </reference>
        <reference type="issue-tracker">
          <url>https://github.com/apache/logging-log4j2/issues</url>
        </reference>
        <reference type="mailing-list">
          <url>https://lists.apache.org/list.html?log4j-user@logging.apache.org</url>
        </reference>
        <reference type="vcs">
          <url>https://github.com/apache/logging-log4j2</url>
        </reference>
      </externalReferences>
    </component>
    <component type="library" bom-ref="pkg:maven/org.apache.logging.log4j/log4j-core@2.25.3?type=jar">
      <publisher>The Apache Software Foundation</publisher>
      <group>org.apache.logging.log4j</group>
      <name>log4j-core</name>
      <version>2.25.3</version>
      <description>A versatile, industrial-grade, and reference implementation of the Log4j API.
    It bundles a rich set of components to assist various use cases:
    Appenders targeting files, network sockets, databases, SMTP servers;
    Layouts that can render CSV, HTML, JSON, Syslog, etc. formatted outputs;
    Filters that can be configured using log event rates, regular expressions, scripts, time, etc.
    It contains several extension points to introduce custom components, if needed.</description>
      <scope>required</scope>
      <hashes>
        <hash alg="MD5">b77ecc775eee03b8152542cd1ea63ec1</hash>
        <hash alg="SHA-1">dd9c8ecba5c8dc5e1574804d0bfdc1ef155ad9ea</hash>
        <hash alg="SHA-256">362b7fcb65b73aa46cc4bc53abf4eb216f444a83b5d1a037cb6fdfff0ae9f0f9</hash>
        <hash alg="SHA-512">64a0776adfd0b082f80e49f4afb8998c15d30c515a3441a074364d37479a2fc059bdd74694c3f609b1fae1d2eca0cb88347e1afd88774ac698a42b8744bf259f</hash>
        <hash alg="SHA-384">246d8c99a0c693c4bd151079392625f31d334f77e0c545ab8463340692e2f866121e389cae1938dbc697a401d555886a</hash>
        <hash alg="SHA3-384">916c214666ae902eaa34e4a935b28cb1d4206167e54b94bf0024c0cbb1493ec4dcee9b3312014d9257b186e5210ff53e</hash>
        <hash alg="SHA3-256">5aa8b1f266cd4b152ef2dec75bf4c4e8f3fc863b3809e4a781f7062ed0d7804b</hash>
        <hash alg="SHA3-512">bc501fb72de40bc5732055de239e6cef41634028ee2a5a03efc651dcc7f20a2fcfadf1819ac0dcb143ea44664615a6c22651f3bd348f87d85716d2c0fb0eee07</hash>
      </hashes>
      <licenses>
        <license>
          <id>Apache-2.0</id>
          <url>https://www.apache.org/licenses/LICENSE-2.0</url>
        </license>
      </licenses>
      <purl>pkg:maven/org.apache.logging.log4j/log4j-core@2.25.3?type=jar</purl>
      <externalReferences>
        <reference type="website">
          <url>https://logging.apache.org/log4j/2.x/</url>
        </reference>
        <reference type="build-system">
          <url>https://github.com/apache/logging-log4j2/actions</url>
        </reference>
        <reference type="issue-tracker">
          <url>https://github.com/apache/logging-log4j2/issues</url>
        </reference>
        <reference type="mailing-list">
          <url>https://lists.apache.org/list.html?log4j-user@logging.apache.org</url>
        </reference>
        <reference type="vcs">
          <url>https://github.com/apache/logging-log4j2</url>
        </reference>
      </externalReferences>
    </component>
    <component type="library" bom-ref="pkg:maven/org.mongodb/bson@5.5.1?type=jar">
      <group>org.mongodb</group>
      <name>bson</name>
      <version>5.5.1</version>
      <description>The BSON library</description>
      <scope>required</scope>
      <hashes>
        <hash alg="MD5">762e85d4cc6da6619fdb4803342b5e25</hash>
        <hash alg="SHA-1">58d899dce48b970ee25995802f78d828bae4a1b6</hash>
        <hash alg="SHA-256">99fd39f8b313ca5f39cb1a2e62454283a592dc4227c9010909e3652ef578a274</hash>
        <hash alg="SHA-512">ca7eafcaea2ac30553ed25c62fa7f335e5916f7887727200da0277b44f84a8e729c4f725039f8f00af44ec1352122aea9770c2b34aca46b47110233c72b815b2</hash>
        <hash alg="SHA-384">a8140719ecde0648f9ba7a18b89449b36446c741f56748fb54541c4212ebab2c5b1ef907d36245251c696ea8fc926595</hash>
        <hash alg="SHA3-384">af6227c633253dfc9058079db36ad805f6f5c7330d4d09f088d556754c2830271a20c27dd17c6eb8ba1fc3c635a35aea</hash>
        <hash alg="SHA3-256">818e13c2548c553be1507da2010320c0f9e4a83ded6db603e962110a8238967f</hash>
        <hash alg="SHA3-512">167c5dedf0f9dbcc826fce8214e57a1e80edaaa99104caf285c6bb733a3397e44002d15ce62554cf88bdad32755004848447f17090553f6627818c95c268695f</hash>
      </hashes>
      <licenses>
        <license>
          <id>Apache-2.0</id>
        </license>
      </licenses>
      <purl>pkg:maven/org.mongodb/bson@5.5.1?type=jar</purl>
      <externalReferences>
        <reference type="website">
          <url>https://bsonspec.org</url>
        </reference>
        <reference type="vcs">
          <url>https://github.com/mongodb/mongo-java-driver</url>
        </reference>
      </externalReferences>
    </component>
    <component type="library" bom-ref="pkg:maven/org.mongodb/mongodb-driver-core@5.5.1?type=jar">
      <group>org.mongodb</group>
      <name>mongodb-driver-core</name>
      <version>5.5.1</version>
      <description>Shared components for the Synchronous and Reactive Streams implementations of the MongoDB Java Driver.</description>
      <scope>required</scope>
      <hashes>
        <hash alg="MD5">eda912af57291d623e2402c4124a3aed</hash>
        <hash alg="SHA-1">8e4056228072c05edec24f325cca34194983ad84</hash>
        <hash alg="SHA-256">9bd21650f6c0688461a5de30000efb67ec1d5d81a1e80c5c4928bb50bbca3f16</hash>
        <hash alg="SHA-512">35227330b8c9f151749fcf4877fba5a344d6fc1aaa1e1a5f4e9f77c3bcc3d6940cb02282f565366a77381a26e8064c992ae521adbe2ed49c5383152070b70f1f</hash>
        <hash alg="SHA-384">ef8bb92bfe5af9711ea6f0472de5300e237a2fab09b1f74c6724fe3cc4cb34509e55267dc9b715449d272fece0d6acd9</hash>
        <hash alg="SHA3-384">d3cbe5cf050b534a50393cc217e6df1f969e6c2da1c8784b521963c2097961c5b39a4bdc0a557dab7b659385bf735b3f</hash>
        <hash alg="SHA3-256">c91e7e1c2bfcfdb96e8a9d8562a95d5e3cfc208ffce32f8a92bd69d4573cf9f7</hash>
        <hash alg="SHA3-512">49eeecd61f9f0cd9044840c7ba88a174bde5ad683519d22bd78c7c0d3344cab04d8482545c1b0a7f955254ab1845d27bc2100ebb549c6258a736945373bfb77f</hash>
      </hashes>
      <licenses>
        <license>
          <id>Apache-2.0</id>
        </license>
      </licenses>
      <purl>pkg:maven/org.mongodb/mongodb-driver-core@5.5.1?type=jar</purl>
      <externalReferences>
        <reference type="website">
          <url>https://www.mongodb.com/</url>
        </reference>
        <reference type="vcs">
          <url>https://github.com/mongodb/mongo-java-driver</url>
        </reference>
      </externalReferences>
    </component>
    <component type="library" bom-ref="pkg:maven/org.mongodb/bson-record-codec@5.5.1?type=jar">
      <group>org.mongodb</group>
      <name>bson-record-codec</name>
      <version>5.5.1</version>
      <description>The BSON Codec for Java records</description>
      <scope>required</scope>
      <hashes>
        <hash alg="MD5">dac4ed5b4249970837b0e7f63dc9a7ed</hash>
        <hash alg="SHA-1">ff3e62ca21ffa6fcdffc45d3780ffee0543a3b05</hash>
        <hash alg="SHA-256">558fbca5b564b9335809eccbe46168abd41b04350599e43e1713cebccaa010db</hash>
        <hash alg="SHA-512">19038ccb77b44db1bd158d28ad0663c7250877cb4f2b979d987ad7c84c56bd1221b7bc26b70c3cdbe4b5ba5b3cd4ba3abe29d2e5ee8a845a1dba77a2ef18dfdc</hash>
        <hash alg="SHA-384">27e7c64d529c21bbe7d42e4c9a8361273dc14674725f93ba69ccc7b0586485e80c52ede35a1921d6d76e3298523e59fe</hash>
        <hash alg="SHA3-384">440c97b2d8a5dbd3a67b2dddf25f5783703e2949915fc53069cba840848f3b4927d2d98a22492b10be994a0fc76f853b</hash>
        <hash alg="SHA3-256">6a14df6776a10756f0bdc04f28852dedd3870b0b3138c5ecb70bf67eea8732c8</hash>
        <hash alg="SHA3-512">3b287e44507c03325cd2f82c6e9479c9a39df98f749b722ac5e5abd62661d3337c783e679b9b98b6e4d53e2a94fcfc92862ff67381bc04f6b174b988176d5207</hash>
      </hashes>
      <licenses>
        <license>
          <id>Apache-2.0</id>
        </license>
      </licenses>
      <purl>pkg:maven/org.mongodb/bson-record-codec@5.5.1?type=jar</purl>
      <externalReferences>
        <reference type="website">
          <url>https://bsonspec.org</url>
        </reference>
        <reference type="vcs">
          <url>https://github.com/mongodb/mongo-java-driver</url>
        </reference>
      </externalReferences>
    </component>
    <component type="library" bom-ref="pkg:maven/org.mongodb/mongodb-driver-sync@5.5.1?type=jar">
      <group>org.mongodb</group>
      <name>mongodb-driver-sync</name>
      <version>5.5.1</version>
      <description>The MongoDB Synchronous Driver</description>
      <scope>required</scope>
      <hashes>
        <hash alg="MD5">84bff743029ebe7b223a7ebe8f2409e8</hash>
        <hash alg="SHA-1">7e8d22f9567868a73eede1bcb281e4f87537626c</hash>
        <hash alg="SHA-256">10fbba300aca76d6996ea8a842226e78bcaaf108c908687940c991885be5e875</hash>
        <hash alg="SHA-512">29e0bf09632f1bfeef9ddc59e4d62786831df2c343290207413ffb0d743d802d557154322fb576acc2c3f075020074d7e635227fe8909c64d5d09a66506b145f</hash>
        <hash alg="SHA-384">668317bd397e8d73965e76857e102e8d09efaeae827e5f2b8fc5cd1a62ee21cc7d3f4d7fc4e3b839af412d9b52a56d25</hash>
        <hash alg="SHA3-384">f88ea9a0b6c6ac8b6ea8361bde409cef3751d6fd229a4e6c343e65b8a0652b3f194f7c4df761c7eacc89ce6bec08d947</hash>
        <hash alg="SHA3-256">871fbcca9d95b7d02936a0ab7f6a6148e9e3697a54e583e9e93c3d06caacde01</hash>
        <hash alg="SHA3-512">ba619207895452a1192c5f5d4b27d41a1b5d9275d9ec7e12a696d606c464af02a580ccdc6b1e951621d9d39c143f7eb3bda2163b8a395368a42b5472577114d3</hash>
      </hashes>
      <licenses>
        <license>
          <id>Apache-2.0</id>
        </license>
      </licenses>
      <purl>pkg:maven/org.mongodb/mongodb-driver-sync@5.5.1?type=jar</purl>
      <externalReferences>
        <reference type="website">
          <url>https://www.mongodb.com/</url>
        </reference>
        <reference type="vcs">
          <url>https://github.com/mongodb/mongo-java-driver</url>
        </reference>
      </externalReferences>
    </component>
    <component type="library" bom-ref="pkg:maven/biz.aQute.bnd/biz.aQute.bnd.annotation@7.1.0?type=jar">
      <publisher>Bndtools</publisher>
      <group>biz.aQute.bnd</group>
      <name>biz.aQute.bnd.annotation</name>
      <version>7.1.0</version>
      <description>bnd Annotations Library</description>
      <scope>required</scope>
      <hashes>
        <hash alg="MD5">664c398da304527f42ab13a0f8036025</hash>
        <hash alg="SHA-1">2f2be18c936d08cf46ea6cfa0043f34afdf38705</hash>
        <hash alg="SHA-256">f69c2de3a695c113d125ac8053c92a680a3ce9d02ea25845095cf2d4626a7663</hash>
        <hash alg="SHA-512">b29e68403ff0b0cd0efacf23a466390b922ef464f79b49c25518864839a1cd86329ace0a7214c6f0ce99056019d857301994bbb71dea0c35dd94511edd789ca4</hash>
        <hash alg="SHA-384">71a5290b7cde52d3cae668492cfb368c6955a176dd7442a93e0f26f2258806c56b45869436ad9f336ad3f7a316b45838</hash>
        <hash alg="SHA3-384">84c2757373413bfaedba04dc84329bf01b26c02a417d87674842f147a05e4001ed154efecc0f43d4473b8a7ba5175296</hash>
        <hash alg="SHA3-256">f3cd557e7b9b6f8996ea1006cce7d4b007fbd3b1fc27b62dacdece5e38988d9e</hash>
        <hash alg="SHA3-512">2059f5cb86d9d1b71479d2217107584fb0ff880f064a2cae0dd916d840e660314aaa746d4e6451c15ae56a500bc4e18191b40662ee4eda52aa3b0c33ea82c94b</hash>
      </hashes>
      <licenses>
        <license>
          <name>(Apache-2.0 OR EPL-2.0)</name>
          <url>https://opensource.org/licenses/Apache-2.0,https://opensource.org/licenses/EPL-2.0</url>
        </license>
      </licenses>
      <purl>pkg:maven/biz.aQute.bnd/biz.aQute.bnd.annotation@7.1.0?type=jar</purl>
      <externalReferences>
        <reference type="website">
          <url>https://bnd.bndtools.org/</url>
        </reference>
        <reference type="vcs">
          <url>https://github.com/bndtools/bnd</url>
        </reference>
      </externalReferences>
    </component>
    <component type="library" bom-ref="pkg:maven/org.osgi/org.osgi.resource@1.0.0?type=jar">
      <publisher>OSGi Alliance</publisher>
      <group>org.osgi</group>
      <name>org.osgi.resource</name>
      <version>1.0.0</version>
      <description>OSGi Companion Code for org.osgi.resource Version 1.0.0.</description>
      <scope>required</scope>
      <hashes>
        <hash alg="MD5">7d857a4203e2996fab0cf070133e43df</hash>
        <hash alg="SHA-1">343c88949132984b3f2d4175a72c40b77dc65619</hash>
        <hash alg="SHA-256">81fc50f1f1d38a4af28e131907d4afe213249aab05060484edca0e60c4af9b4a</hash>
        <hash alg="SHA-512">4e798790856f83f50832db80bfab64dfceeff1c509d7dde43e74a9f9192ea7a7d5ea77b9b1e81291fa6ba3dcef5ab8fa791ca8093a72a08d7ca6f6499e13e506</hash>
        <hash alg="SHA-384">73038c395166552b64b6b5469bd8056584f48d19b5762df2e8bd2770405ed8f6071e397a87d9a7ed39f8c2e0e8ab85b2</hash>
        <hash alg="SHA3-384">e06c8a460b3bf06d6cb22237aeffa6afd2eadd9461096c67b768a14603ad8aaa88f891d03cf0a273a99d86906c1c8eb3</hash>
        <hash alg="SHA3-256">1097cfd20e80ce368fd828a23ad7c32a202cebd92106f6ebb88ba55ca74349ee</hash>
        <hash alg="SHA3-512">d7b710e1e0484badb875f326c602c90df6705df48b0f057320919a5255d3ecbddd7053eabc68787480a70aebd7e553e9f51728112e1fa0846c849366b7e8d69b</hash>
      </hashes>
      <licenses>
        <license>
          <id>Apache-2.0</id>
        </license>
      </licenses>
      <purl>pkg:maven/org.osgi/org.osgi.resource@1.0.0?type=jar</purl>
      <externalReferences>
        <reference type="website">
          <url>http://www.osgi.org/</url>
        </reference>
        <reference type="vcs">
          <url>https://osgi.org/git/build.git</url>
        </reference>
      </externalReferences>
    </component>
    <component type="library" bom-ref="pkg:maven/org.osgi/org.osgi.service.serviceloader@1.0.0?type=jar">
      <publisher>OSGi Alliance</publisher>
      <group>org.osgi</group>
      <name>org.osgi.service.serviceloader</name>
      <version>1.0.0</version>
      <description>OSGi Companion Code for org.osgi.service.serviceloader Version 1.0.0.</description>
      <scope>required</scope>
      <hashes>
        <hash alg="MD5">4943f0102a6d893c4dd77f369a5f0537</hash>
        <hash alg="SHA-1">3728ff37909c6a3c1870b3e851342d9f2bd3cc63</hash>
        <hash alg="SHA-256">8f876ce2a9aa4e95b1f1952950255103e2487425050a654f3285447ba601c154</hash>
        <hash alg="SHA-512">a7def4cb7a8ed992645faa80a780e0b30bd39c1587b5bcb65fe170d10842d0d880c2849edd50c64807fe0e4b9cc0051337d1b161d0d390465d9e63a762861c49</hash>
        <hash alg="SHA-384">1e480694b8a541da4cd1e044d3f3ea3cd55152515ac022b80d865b6654242506c2138daabb4e71c30d36b12b9aaf676d</hash>
        <hash alg="SHA3-384">7f076af200ae9c2bd9f235b949aee01a1a758c8aac10fee8b98ec2497197d2029117d5627eb0eabd9b42979eb1baa009</hash>
        <hash alg="SHA3-256">83b1dce69c4c899176eb6e368e434ecb77dfed7c436530b8c5d08b9b6f2430aa</hash>
        <hash alg="SHA3-512">5debde53a7ead231dcd907467d59728f59cae4eb3b967c19808f78890bd97d2f04657cad9c093e88f9818338b0b3b38a57c66400ebcff61fbb26d18e9f7bf8ed</hash>
      </hashes>
      <licenses>
        <license>
          <id>Apache-2.0</id>
        </license>
      </licenses>
      <purl>pkg:maven/org.osgi/org.osgi.service.serviceloader@1.0.0?type=jar</purl>
      <externalReferences>
        <reference type="website">
          <url>http://www.osgi.org/</url>
        </reference>
        <reference type="vcs">
          <url>https://osgi.org/git/build.git</url>
        </reference>
      </externalReferences>
    </component>
    <component type="library" bom-ref="pkg:maven/com.google.errorprone/error_prone_annotations@2.38.0?type=jar">
      <publisher>Google LLC</publisher>
      <group>com.google.errorprone</group>
      <name>error_prone_annotations</name>
      <version>2.38.0</version>
      <description>Error Prone is a static analysis tool for Java that catches common programming mistakes at compile-time.</description>
      <scope>required</scope>
      <hashes>
        <hash alg="MD5">912f8206614000252841d89cb0461895</hash>
        <hash alg="SHA-1">fc0ae991433e8590ba51cd558421478318a74c8c</hash>
        <hash alg="SHA-256">6661d5335090a5fc61dd869d2095bc6c1e2156e3aa47a6e4ababdf64c99a7889</hash>
        <hash alg="SHA-512">b13fdb7e06ec1f12ea1d63b0ff942c239e4decb391d736a1f7d46c9aa9e2744e9391be4398a02a78d551a96969622e65b75bbd31e5bf67a5938716765f451f3a</hash>
        <hash alg="SHA-384">47be5289bf8ca3f9dfe2d22e4baf6defc71dabb5476f878a240412e336d77d81148b2f79ffc0702079e48bd67ad7fd22</hash>
        <hash alg="SHA3-384">53f3f57b51ea34afd38e1270fbe08dfcf1e2dcfb50f4ac9369bb625febb75611c9e5d8bb09f4dfcb504b5d0b9ac47443</hash>
        <hash alg="SHA3-256">02eaa5431cda49a9e702cac4ad8051d88397e1d5219a0ef65673dae8eaf9c70d</hash>
        <hash alg="SHA3-512">0307dfc76cae6d539d93649ef3ccb85937d62f6f74be212e8a05ae1cc892f3b63a5c03cd6f61ace9f5dbd0f8dfb0baf086eaf3cd10bbefd22640966d00686dac</hash>
      </hashes>
      <licenses>
        <license>
          <id>Apache-2.0</id>
        </license>
      </licenses>
      <purl>pkg:maven/com.google.errorprone/error_prone_annotations@2.38.0?type=jar</purl>
      <externalReferences>
        <reference type="website">
          <url>https://errorprone.info/error_prone_annotations</url>
        </reference>
        <reference type="vcs">
          <url>https://github.com/google/error-prone/error_prone_annotations</url>
        </reference>
      </externalReferences>
    </component>
    <component type="library" bom-ref="pkg:maven/org.osgi/org.osgi.annotation.bundle@2.0.0?type=jar">
      <publisher>Eclipse Foundation</publisher>
      <group>org.osgi</group>
      <name>org.osgi.annotation.bundle</name>
      <version>2.0.0</version>
      <description>OSGi Companion Code for org.osgi.annotation.bundle Version 2.0.0</description>
      <scope>required</scope>
      <hashes>
        <hash alg="MD5">19115314a0ce4cfb711a811dcc0be0a3</hash>
        <hash alg="SHA-1">f5c2cd6e670c3c5d440d3003efd5ef2ead5c68eb</hash>
        <hash alg="SHA-256">b9c9546ec5be3ebc2e85ba4919150ad76d64594805282fc895133a47d264a7ae</hash>
        <hash alg="SHA-512">f16b8983240ba3c08d6bc78e2eae92e89eb528f32a705961d90b463def0a5ed1ba08cc3d0be38b5dcfb946c6f759df772e122fb769e58e8c20aa79a489a1fd21</hash>
        <hash alg="SHA-384">88217b7d3a2d9a0a3f005162b95d68ba2bd29629688b2c32e93e4587d89fe6bd468f5c62ef422ebf2b609d402e62ff56</hash>
        <hash alg="SHA3-384">c7ee64dd3e235d900d01d8629b82245303d34a006e1edcd2571ef736d9c6256dcb718be326ad4909cb6d2cea26118ea9</hash>
        <hash alg="SHA3-256">9adcacb036caf30d17a13fcd5952a35e011678b1dbfabafdff73dba065ace8a3</hash>
        <hash alg="SHA3-512">76bec6bb2cdbc8da043760a7aedd51203c8d70b740c9b8de0ba6b0cf9ad991a58059566e7f62dee30606f32d267b2596d5bd5e885c73e336ae7fff6cf7f970db</hash>
      </hashes>
      <licenses>
        <license>
          <id>Apache-2.0</id>
          <url>https://www.apache.org/licenses/LICENSE-2.0</url>
        </license>
      </licenses>
      <purl>pkg:maven/org.osgi/org.osgi.annotation.bundle@2.0.0?type=jar</purl>
      <externalReferences>
        <reference type="website">
          <url>https://docs.osgi.org/</url>
        </reference>
        <reference type="vcs">
          <url>https://github.com/osgi/osgi</url>
        </reference>
      </externalReferences>
    </component>
    <component type="library" bom-ref="pkg:maven/org.osgi/org.osgi.annotation.versioning@1.1.2?type=jar">
      <publisher>Eclipse Foundation</publisher>
      <group>org.osgi</group>
      <name>org.osgi.annotation.versioning</name>
      <version>1.1.2</version>
      <description>OSGi Companion Code for org.osgi.annotation.versioning Version 1.1.2</description>
      <scope>required</scope>
      <hashes>
        <hash alg="MD5">a61b3b8d09c85ad296c61e21bf77ec70</hash>
        <hash alg="SHA-1">dc3cd4ec96c0b3c5459fe00694bd73a816ecf93e</hash>
        <hash alg="SHA-256">f51f235e80df8ffbc30ef1b557b6ea38a696632d675404ec117e952978b8b863</hash>
        <hash alg="SHA-512">a4c612bec624a168f25f0923d51925bbc914686673eeebd5b2442998b876f05855e2b0a6e6e9aca4a6533ed3156b0d24f94c3e508ee9778e1b2e469be318afa3</hash>
        <hash alg="SHA-384">68a2046f083a2e77304622a56d07c0e73ba88534af4a87b5428cebf8b638c40ce21bbac089a8b5520ad488c946b633ea</hash>
        <hash alg="SHA3-384">930734f6979650191d51cd8bf1f9ab4548d307950735aa98e2dbda7aecc19b49d01a3b968824f6df2ffafce65e122c60</hash>
        <hash alg="SHA3-256">513392d0e8ddd873d04c5cf4f402a9cfe094413832bb859fe37b70fd0512dd12</hash>
        <hash alg="SHA3-512">3d2bd7d2eb784a9fab4b09c42adb0722363079235340f1915bb82a99f1c5e616ee8f3dc34d2c90b941d2651dcb4f393c7fea3e23b579456a696604148d10f22b</hash>
      </hashes>
      <licenses>
        <license>
          <id>Apache-2.0</id>
          <url>https://www.apache.org/licenses/LICENSE-2.0</url>
        </license>
      </licenses>
      <purl>pkg:maven/org.osgi/org.osgi.annotation.versioning@1.1.2?type=jar</purl>
      <externalReferences>
        <reference type="website">
          <url>https://docs.osgi.org/</url>
        </reference>
        <reference type="vcs">
          <url>https://github.com/osgi/osgi</url>
        </reference>
      </externalReferences>
    </component>
  </components>
  <dependencies>
    <dependency ref="pkg:maven/org.apache.logging.log4j/log4j-mongodb@2.25.3?type=jar">
      <dependency ref="pkg:maven/org.apache.logging.log4j/log4j-api@2.25.3?type=jar"/>
      <dependency ref="pkg:maven/org.apache.logging.log4j/log4j-mongodb4@2.25.3?type=jar"/>
      <dependency ref="pkg:maven/org.mongodb/bson@5.5.1?type=jar"/>
      <dependency ref="pkg:maven/org.mongodb/mongodb-driver-core@5.5.1?type=jar"/>
      <dependency ref="pkg:maven/org.mongodb/mongodb-driver-sync@5.5.1?type=jar"/>
      <dependency ref="pkg:maven/biz.aQute.bnd/biz.aQute.bnd.annotation@7.1.0?type=jar"/>
      <dependency ref="pkg:maven/com.google.errorprone/error_prone_annotations@2.38.0?type=jar"/>
      <dependency ref="pkg:maven/org.osgi/org.osgi.annotation.bundle@2.0.0?type=jar"/>
      <dependency ref="pkg:maven/org.osgi/org.osgi.annotation.versioning@1.1.2?type=jar"/>
    </dependency>
    <dependency ref="pkg:maven/org.apache.logging.log4j/log4j-api@2.25.3?type=jar"/>
    <dependency ref="pkg:maven/org.apache.logging.log4j/log4j-mongodb4@2.25.3?type=jar">
      <dependency ref="pkg:maven/org.apache.logging.log4j/log4j-api@2.25.3?type=jar"/>
      <dependency ref="pkg:maven/org.apache.logging.log4j/log4j-core@2.25.3?type=jar"/>
      <dependency ref="pkg:maven/org.mongodb/bson@5.5.1?type=jar"/>
      <dependency ref="pkg:maven/org.mongodb/mongodb-driver-core@5.5.1?type=jar"/>
      <dependency ref="pkg:maven/org.mongodb/mongodb-driver-sync@5.5.1?type=jar"/>
    </dependency>
    <dependency ref="pkg:maven/org.apache.logging.log4j/log4j-core@2.25.3?type=jar">
      <dependency ref="pkg:maven/org.apache.logging.log4j/log4j-api@2.25.3?type=jar"/>
    </dependency>
    <dependency ref="pkg:maven/org.mongodb/bson@5.5.1?type=jar"/>
    <dependency ref="pkg:maven/org.mongodb/mongodb-driver-core@5.5.1?type=jar">
      <dependency ref="pkg:maven/org.mongodb/bson@5.5.1?type=jar"/>
      <dependency ref="pkg:maven/org.mongodb/bson-record-codec@5.5.1?type=jar"/>
    </dependency>
    <dependency ref="pkg:maven/org.mongodb/bson-record-codec@5.5.1?type=jar">
      <dependency ref="pkg:maven/org.mongodb/bson@5.5.1?type=jar"/>
    </dependency>
    <dependency ref="pkg:maven/org.mongodb/mongodb-driver-sync@5.5.1?type=jar">
      <dependency ref="pkg:maven/org.mongodb/bson@5.5.1?type=jar"/>
      <dependency ref="pkg:maven/org.mongodb/mongodb-driver-core@5.5.1?type=jar"/>
    </dependency>
    <dependency ref="pkg:maven/biz.aQute.bnd/biz.aQute.bnd.annotation@7.1.0?type=jar">
      <dependency ref="pkg:maven/org.osgi/org.osgi.resource@1.0.0?type=jar"/>
      <dependency ref="pkg:maven/org.osgi/org.osgi.service.serviceloader@1.0.0?type=jar"/>
    </dependency>
    <dependency ref="pkg:maven/org.osgi/org.osgi.resource@1.0.0?type=jar"/>
    <dependency ref="pkg:maven/org.osgi/org.osgi.service.serviceloader@1.0.0?type=jar"/>
    <dependency ref="pkg:maven/com.google.errorprone/error_prone_annotations@2.38.0?type=jar"/>
    <dependency ref="pkg:maven/org.osgi/org.osgi.annotation.bundle@2.0.0?type=jar">
      <dependency ref="pkg:maven/org.osgi/org.osgi.annotation.versioning@1.1.2?type=jar"/>
    </dependency>
    <dependency ref="pkg:maven/org.osgi/org.osgi.annotation.versioning@1.1.2?type=jar"/>
  </dependencies>
</bom>
