<?xml version="1.0" encoding="UTF-8"?>
<bom serialNumber="urn:uuid:fa4484a3-eb32-331d-b4c2-0443f49ba029" version="1" xmlns="http://cyclonedx.org/schema/bom/1.6">
  <metadata>
    <lifecycles>
      <lifecycle>
        <phase>build</phase>
      </lifecycle>
    </lifecycles>
    <tools>
      <components>
        <component type="library">
          <author>OWASP Foundation</author>
          <group>org.cyclonedx</group>
          <name>cyclonedx-maven-plugin</name>
          <version>2.9.1</version>
          <description>CycloneDX Maven plugin</description>
          <hashes>
            <hash alg="MD5">9c7a565cf28cce58557d0c621c5ea4b1</hash>
            <hash alg="SHA-1">be882d5a22050bfa9d19090b1420c188617d0e1c</hash>
            <hash alg="SHA-256">698e0f37184a5b28c245c4065fd036dfce253b52f82fbb7113d81d36326cc249</hash>
            <hash alg="SHA-512">c0f0b11026858166f872a2eb54719492e5cecaa0bc9cd6b30b3ecb4a174eed220f4a1b5829d18d6734128e778d3cb3db7ffed177c92866133129cb29081814a0</hash>
            <hash alg="SHA-384">d80964707dfe5caca8c70521d5066f57589304c0a657e6fbc7c0614ea0fc7b3b3dbe7778361eee0f54ba111e9cb0ffcb</hash>
            <hash alg="SHA3-384">80bc3a275d9514bc457461ff52a72add8c7ecbbc01d8912efce57139016c544ee776981851be0a58fa977ab4221f703f</hash>
            <hash alg="SHA3-256">142317d6f245390f4fd2d0c100b16281b8dfc5c0c2cff86943bdcc97039cb699</hash>
            <hash alg="SHA3-512">af0fb9137c90b65d1a07f72e4d51ae509956cdb8800f35c961b037cdda1fe4a14ce3b496cef71ba85f1621affcfe29cd42704ae4191ff0b090a9602087c8997b</hash>
          </hashes>
        </component>
      </components>
    </tools>
    <component type="library" bom-ref="pkg:maven/org.apache.logging.log4j/log4j-appserver@2.25.3?type=jar">
      <publisher>The Apache Software Foundation</publisher>
      <group>org.apache.logging.log4j</group>
      <name>log4j-appserver</name>
      <version>2.25.3</version>
      <description>Provide Log4j as the logging implementation for application servers</description>
      <licenses>
        <license>
          <id>Apache-2.0</id>
          <url>https://www.apache.org/licenses/LICENSE-2.0</url>
        </license>
      </licenses>
      <purl>pkg:maven/org.apache.logging.log4j/log4j-appserver@2.25.3?type=jar</purl>
      <externalReferences>
        <reference type="vulnerability-assertion">
          <url>https://logging.apache.org/cyclonedx/vdr.xml</url>
        </reference>
        <reference type="website">
          <url>https://logging.apache.org/log4j/2.x/</url>
        </reference>
        <reference type="build-system">
          <url>https://github.com/apache/logging-log4j2/actions</url>
        </reference>
        <reference type="distribution">
          <url>https://logging.apache.org/log4j/2.x/download.html</url>
        </reference>
        <reference type="distribution-intake">
          <url>https://repository.apache.org/service/local/staging/deploy/maven2</url>
        </reference>
        <reference type="issue-tracker">
          <url>https://github.com/apache/logging-log4j2/issues</url>
        </reference>
        <reference type="mailing-list">
          <url>https://lists.apache.org/list.html?log4j-user@logging.apache.org</url>
        </reference>
        <reference type="vcs">
          <url>https://github.com/apache/logging-log4j2</url>
        </reference>
      </externalReferences>
    </component>
    <properties>
      <property name="maven.goal">makeBom</property>
      <property name="maven.scopes">compile,provided,runtime,system</property>
      <property name="cdx:reproducible">enabled</property>
    </properties>
  </metadata>
  <components>
    <component type="library" bom-ref="pkg:maven/org.eclipse.jetty/jetty-util@9.4.57.v20241219?type=jar">
      <publisher>Webtide</publisher>
      <group>org.eclipse.jetty</group>
      <name>jetty-util</name>
      <version>9.4.57.v20241219</version>
      <description>Utility classes for Jetty</description>
      <scope>required</scope>
      <hashes>
        <hash alg="MD5">a4bb3b85425d00fa65ff42c52f8b9463</hash>
        <hash alg="SHA-1">7bf7ea75644ac064199e1e32c66ccd312239f2dc</hash>
        <hash alg="SHA-256">6ccbf678716778e316cc097d8aada4fe2a2e16c0bbfd8a1763204d6724b423f4</hash>
        <hash alg="SHA-512">712b6d9c93968cb2dc160d9df0a222439aae8c130b66dfae422d2968ce06b1de182c708e84b3c9a5708fb4c71e315a96dae109da9ad64e0b1f1c2719442a936c</hash>
        <hash alg="SHA-384">46b28f8bf1e4d653ce347a7dfba79e3fdc2357b9d03e9909c2cbfdc8233f526c194e511ebab473f999866e80802b2ede</hash>
        <hash alg="SHA3-384">25f59ee7aa21ea538073a908d08a737aec9ca730a352dd43e72e802e16f568248d26c70f22171b49cd471fa429e66fe6</hash>
        <hash alg="SHA3-256">09277cbd7c42c8a012622a8371e4c930a3daca44aac597c4e7d47873c56697f4</hash>
        <hash alg="SHA3-512">2ca8a9d06fb0fc670de21c7c6a6d584ba27c85634d20df2562c172b31fad606e520fb5de6265dae1225ef6c68fc8f0dc797e92f27ea40b9c1852780eb1761f9c</hash>
      </hashes>
      <licenses>
        <license>
          <id>Apache-2.0</id>
        </license>
        <license>
          <id>EPL-1.0</id>
        </license>
      </licenses>
      <purl>pkg:maven/org.eclipse.jetty/jetty-util@9.4.57.v20241219?type=jar</purl>
      <externalReferences>
        <reference type="website">
          <url>https://jetty.org/jetty-util/</url>
        </reference>
        <reference type="distribution-intake">
          <url>https://oss.sonatype.org/service/local/staging/deploy/maven2/</url>
        </reference>
        <reference type="issue-tracker">
          <url>https://github.com/jetty/jetty.project/issues</url>
        </reference>
        <reference type="mailing-list">
          <url>https://dev.eclipse.org/mhonarc/lists/jetty-dev/maillist.html</url>
        </reference>
        <reference type="vcs">
          <url>https://github.com/jetty/jetty.project/jetty-util</url>
        </reference>
      </externalReferences>
    </component>
    <component type="library" bom-ref="pkg:maven/org.apache.tomcat/tomcat-juli@10.0.27?type=jar">
      <group>org.apache.tomcat</group>
      <name>tomcat-juli</name>
      <version>10.0.27</version>
      <description>Tomcat Core Logging Package</description>
      <scope>required</scope>
      <hashes>
        <hash alg="MD5">2d2a2e4dda2141e46d263542b75ed5ad</hash>
        <hash alg="SHA-1">b7487b00bf9817d790e760e3b3afebc25458271c</hash>
        <hash alg="SHA-256">76b7ea1dab95b80dc4d478c706242250325eab4e590e09e5fcdd0f6e7ed583af</hash>
        <hash alg="SHA-512">3031497274f95ba3dc6315f3405aeb125e9699755c5a4a99dd1ec03616af2b7ad537f822db99df7441ccb12763bfb757cf8cbcf0948a534ee2313e70c3889078</hash>
        <hash alg="SHA-384">042d973426d19c234eb87e144dcab65221bf366dce8a11f6bf008c4b5324b90bfbf1e9104f6dda9d90fbaa3a57dc97a8</hash>
        <hash alg="SHA3-384">5cc00e9c9dfbb551615e885138ac9f0fd98ad61ff5ab1794b75fced01e2b6e26a76b1576f76515ddc5e105178e6e3204</hash>
        <hash alg="SHA3-256">8253fa507a745064ca71a9e667faf0e733c65857b6183f998f4cd017917f13c9</hash>
        <hash alg="SHA3-512">d3115723f56ca31410f7bb9534c2179f2fa0eadd17fd98544721120cee6e31fec2ed749ef1e041938d70828bb0cbf0f723b0b228972af07dc98fcd795ddc0931</hash>
      </hashes>
      <licenses>
        <license>
          <id>Apache-2.0</id>
        </license>
      </licenses>
      <purl>pkg:maven/org.apache.tomcat/tomcat-juli@10.0.27?type=jar</purl>
      <externalReferences>
        <reference type="website">
          <url>https://tomcat.apache.org/</url>
        </reference>
      </externalReferences>
    </component>
    <component type="library" bom-ref="pkg:maven/org.apache.logging.log4j/log4j-api@2.25.3?type=jar">
      <publisher>The Apache Software Foundation</publisher>
      <group>org.apache.logging.log4j</group>
      <name>log4j-api</name>
      <version>2.25.3</version>
      <description>The logging API of the Log4j project.
    Library and application code can log through this API.
    It contains a simple built-in implementation (`SimpleLogger`) for trivial use cases.
    Production applications are recommended to use Log4j API in combination with a fully-fledged implementation, such as Log4j Core.</description>
      <scope>required</scope>
      <hashes>
        <hash alg="MD5">7061652b4274beeaa657ec908e83f491</hash>
        <hash alg="SHA-1">fb385330d89c2d61058ef649403f214633569205</hash>
        <hash alg="SHA-256">e886682920fa0fb9d6eb6395dcb4de088443f8646c89c5e5846e168e327f406f</hash>
        <hash alg="SHA-512">ce9aaf5beec0fb8cbed8c4ae8a91a58d3f6935c731220b294d70f1569128b5ff367e1bf94d69572dd7ab05bff2a63bde5ff7489eb9743e8c307b644eaeadbc50</hash>
        <hash alg="SHA-384">01b25f254468505753909fac3077dd62281aa34c897df3207b64a12999793adfbb1f6eb3cfce92d923e3110a4f5181e0</hash>
        <hash alg="SHA3-384">335eac952137a938a2f904819e000b969553fca341ff532e9af341e5a90b85f4335c1da69daf7d366970ac28d9ea7e1b</hash>
        <hash alg="SHA3-256">6dd281f828720e67baa3c9b0234b4e506918f2f0ec820cc1df7d93ddb6dfc9af</hash>
        <hash alg="SHA3-512">dfcfc37356e5604ac28643fc53ab8b04a5971aeb8daeaab83b5782f215dd53cb9517dbd41b32600f50d2ef878aa49e68e3aaaeeaa414e25b13e7aba032480dbc</hash>
      </hashes>
      <licenses>
        <license>
          <id>Apache-2.0</id>
          <url>https://www.apache.org/licenses/LICENSE-2.0</url>
        </license>
      </licenses>
      <purl>pkg:maven/org.apache.logging.log4j/log4j-api@2.25.3?type=jar</purl>
      <externalReferences>
        <reference type="website">
          <url>https://logging.apache.org/log4j/2.x/</url>
        </reference>
        <reference type="build-system">
          <url>https://github.com/apache/logging-log4j2/actions</url>
        </reference>
        <reference type="issue-tracker">
          <url>https://github.com/apache/logging-log4j2/issues</url>
        </reference>
        <reference type="mailing-list">
          <url>https://lists.apache.org/list.html?log4j-user@logging.apache.org</url>
        </reference>
        <reference type="vcs">
          <url>https://github.com/apache/logging-log4j2</url>
        </reference>
      </externalReferences>
    </component>
    <component type="library" bom-ref="pkg:maven/biz.aQute.bnd/biz.aQute.bnd.annotation@7.1.0?type=jar">
      <publisher>Bndtools</publisher>
      <group>biz.aQute.bnd</group>
      <name>biz.aQute.bnd.annotation</name>
      <version>7.1.0</version>
      <description>bnd Annotations Library</description>
      <scope>required</scope>
      <hashes>
        <hash alg="MD5">664c398da304527f42ab13a0f8036025</hash>
        <hash alg="SHA-1">2f2be18c936d08cf46ea6cfa0043f34afdf38705</hash>
        <hash alg="SHA-256">f69c2de3a695c113d125ac8053c92a680a3ce9d02ea25845095cf2d4626a7663</hash>
        <hash alg="SHA-512">b29e68403ff0b0cd0efacf23a466390b922ef464f79b49c25518864839a1cd86329ace0a7214c6f0ce99056019d857301994bbb71dea0c35dd94511edd789ca4</hash>
        <hash alg="SHA-384">71a5290b7cde52d3cae668492cfb368c6955a176dd7442a93e0f26f2258806c56b45869436ad9f336ad3f7a316b45838</hash>
        <hash alg="SHA3-384">84c2757373413bfaedba04dc84329bf01b26c02a417d87674842f147a05e4001ed154efecc0f43d4473b8a7ba5175296</hash>
        <hash alg="SHA3-256">f3cd557e7b9b6f8996ea1006cce7d4b007fbd3b1fc27b62dacdece5e38988d9e</hash>
        <hash alg="SHA3-512">2059f5cb86d9d1b71479d2217107584fb0ff880f064a2cae0dd916d840e660314aaa746d4e6451c15ae56a500bc4e18191b40662ee4eda52aa3b0c33ea82c94b</hash>
      </hashes>
      <licenses>
        <license>
          <name>(Apache-2.0 OR EPL-2.0)</name>
          <url>https://opensource.org/licenses/Apache-2.0,https://opensource.org/licenses/EPL-2.0</url>
        </license>
      </licenses>
      <purl>pkg:maven/biz.aQute.bnd/biz.aQute.bnd.annotation@7.1.0?type=jar</purl>
      <externalReferences>
        <reference type="website">
          <url>https://bnd.bndtools.org/</url>
        </reference>
        <reference type="vcs">
          <url>https://github.com/bndtools/bnd</url>
        </reference>
      </externalReferences>
    </component>
    <component type="library" bom-ref="pkg:maven/org.osgi/org.osgi.resource@1.0.0?type=jar">
      <publisher>OSGi Alliance</publisher>
      <group>org.osgi</group>
      <name>org.osgi.resource</name>
      <version>1.0.0</version>
      <description>OSGi Companion Code for org.osgi.resource Version 1.0.0.</description>
      <scope>required</scope>
      <hashes>
        <hash alg="MD5">7d857a4203e2996fab0cf070133e43df</hash>
        <hash alg="SHA-1">343c88949132984b3f2d4175a72c40b77dc65619</hash>
        <hash alg="SHA-256">81fc50f1f1d38a4af28e131907d4afe213249aab05060484edca0e60c4af9b4a</hash>
        <hash alg="SHA-512">4e798790856f83f50832db80bfab64dfceeff1c509d7dde43e74a9f9192ea7a7d5ea77b9b1e81291fa6ba3dcef5ab8fa791ca8093a72a08d7ca6f6499e13e506</hash>
        <hash alg="SHA-384">73038c395166552b64b6b5469bd8056584f48d19b5762df2e8bd2770405ed8f6071e397a87d9a7ed39f8c2e0e8ab85b2</hash>
        <hash alg="SHA3-384">e06c8a460b3bf06d6cb22237aeffa6afd2eadd9461096c67b768a14603ad8aaa88f891d03cf0a273a99d86906c1c8eb3</hash>
        <hash alg="SHA3-256">1097cfd20e80ce368fd828a23ad7c32a202cebd92106f6ebb88ba55ca74349ee</hash>
        <hash alg="SHA3-512">d7b710e1e0484badb875f326c602c90df6705df48b0f057320919a5255d3ecbddd7053eabc68787480a70aebd7e553e9f51728112e1fa0846c849366b7e8d69b</hash>
      </hashes>
      <licenses>
        <license>
          <id>Apache-2.0</id>
        </license>
      </licenses>
      <purl>pkg:maven/org.osgi/org.osgi.resource@1.0.0?type=jar</purl>
      <externalReferences>
        <reference type="website">
          <url>http://www.osgi.org/</url>
        </reference>
        <reference type="vcs">
          <url>https://osgi.org/git/build.git</url>
        </reference>
      </externalReferences>
    </component>
    <component type="library" bom-ref="pkg:maven/org.osgi/org.osgi.service.serviceloader@1.0.0?type=jar">
      <publisher>OSGi Alliance</publisher>
      <group>org.osgi</group>
      <name>org.osgi.service.serviceloader</name>
      <version>1.0.0</version>
      <description>OSGi Companion Code for org.osgi.service.serviceloader Version 1.0.0.</description>
      <scope>required</scope>
      <hashes>
        <hash alg="MD5">4943f0102a6d893c4dd77f369a5f0537</hash>
        <hash alg="SHA-1">3728ff37909c6a3c1870b3e851342d9f2bd3cc63</hash>
        <hash alg="SHA-256">8f876ce2a9aa4e95b1f1952950255103e2487425050a654f3285447ba601c154</hash>
        <hash alg="SHA-512">a7def4cb7a8ed992645faa80a780e0b30bd39c1587b5bcb65fe170d10842d0d880c2849edd50c64807fe0e4b9cc0051337d1b161d0d390465d9e63a762861c49</hash>
        <hash alg="SHA-384">1e480694b8a541da4cd1e044d3f3ea3cd55152515ac022b80d865b6654242506c2138daabb4e71c30d36b12b9aaf676d</hash>
        <hash alg="SHA3-384">7f076af200ae9c2bd9f235b949aee01a1a758c8aac10fee8b98ec2497197d2029117d5627eb0eabd9b42979eb1baa009</hash>
        <hash alg="SHA3-256">83b1dce69c4c899176eb6e368e434ecb77dfed7c436530b8c5d08b9b6f2430aa</hash>
        <hash alg="SHA3-512">5debde53a7ead231dcd907467d59728f59cae4eb3b967c19808f78890bd97d2f04657cad9c093e88f9818338b0b3b38a57c66400ebcff61fbb26d18e9f7bf8ed</hash>
      </hashes>
      <licenses>
        <license>
          <id>Apache-2.0</id>
        </license>
      </licenses>
      <purl>pkg:maven/org.osgi/org.osgi.service.serviceloader@1.0.0?type=jar</purl>
      <externalReferences>
        <reference type="website">
          <url>http://www.osgi.org/</url>
        </reference>
        <reference type="vcs">
          <url>https://osgi.org/git/build.git</url>
        </reference>
      </externalReferences>
    </component>
    <component type="library" bom-ref="pkg:maven/com.google.errorprone/error_prone_annotations@2.38.0?type=jar">
      <publisher>Google LLC</publisher>
      <group>com.google.errorprone</group>
      <name>error_prone_annotations</name>
      <version>2.38.0</version>
      <description>Error Prone is a static analysis tool for Java that catches common programming mistakes at compile-time.</description>
      <scope>required</scope>
      <hashes>
        <hash alg="MD5">912f8206614000252841d89cb0461895</hash>
        <hash alg="SHA-1">fc0ae991433e8590ba51cd558421478318a74c8c</hash>
        <hash alg="SHA-256">6661d5335090a5fc61dd869d2095bc6c1e2156e3aa47a6e4ababdf64c99a7889</hash>
        <hash alg="SHA-512">b13fdb7e06ec1f12ea1d63b0ff942c239e4decb391d736a1f7d46c9aa9e2744e9391be4398a02a78d551a96969622e65b75bbd31e5bf67a5938716765f451f3a</hash>
        <hash alg="SHA-384">47be5289bf8ca3f9dfe2d22e4baf6defc71dabb5476f878a240412e336d77d81148b2f79ffc0702079e48bd67ad7fd22</hash>
        <hash alg="SHA3-384">53f3f57b51ea34afd38e1270fbe08dfcf1e2dcfb50f4ac9369bb625febb75611c9e5d8bb09f4dfcb504b5d0b9ac47443</hash>
        <hash alg="SHA3-256">02eaa5431cda49a9e702cac4ad8051d88397e1d5219a0ef65673dae8eaf9c70d</hash>
        <hash alg="SHA3-512">0307dfc76cae6d539d93649ef3ccb85937d62f6f74be212e8a05ae1cc892f3b63a5c03cd6f61ace9f5dbd0f8dfb0baf086eaf3cd10bbefd22640966d00686dac</hash>
      </hashes>
      <licenses>
        <license>
          <id>Apache-2.0</id>
        </license>
      </licenses>
      <purl>pkg:maven/com.google.errorprone/error_prone_annotations@2.38.0?type=jar</purl>
      <externalReferences>
        <reference type="website">
          <url>https://errorprone.info/error_prone_annotations</url>
        </reference>
        <reference type="vcs">
          <url>https://github.com/google/error-prone/error_prone_annotations</url>
        </reference>
      </externalReferences>
    </component>
    <component type="library" bom-ref="pkg:maven/org.osgi/org.osgi.annotation.bundle@2.0.0?type=jar">
      <publisher>Eclipse Foundation</publisher>
      <group>org.osgi</group>
      <name>org.osgi.annotation.bundle</name>
      <version>2.0.0</version>
      <description>OSGi Companion Code for org.osgi.annotation.bundle Version 2.0.0</description>
      <scope>required</scope>
      <hashes>
        <hash alg="MD5">19115314a0ce4cfb711a811dcc0be0a3</hash>
        <hash alg="SHA-1">f5c2cd6e670c3c5d440d3003efd5ef2ead5c68eb</hash>
        <hash alg="SHA-256">b9c9546ec5be3ebc2e85ba4919150ad76d64594805282fc895133a47d264a7ae</hash>
        <hash alg="SHA-512">f16b8983240ba3c08d6bc78e2eae92e89eb528f32a705961d90b463def0a5ed1ba08cc3d0be38b5dcfb946c6f759df772e122fb769e58e8c20aa79a489a1fd21</hash>
        <hash alg="SHA-384">88217b7d3a2d9a0a3f005162b95d68ba2bd29629688b2c32e93e4587d89fe6bd468f5c62ef422ebf2b609d402e62ff56</hash>
        <hash alg="SHA3-384">c7ee64dd3e235d900d01d8629b82245303d34a006e1edcd2571ef736d9c6256dcb718be326ad4909cb6d2cea26118ea9</hash>
        <hash alg="SHA3-256">9adcacb036caf30d17a13fcd5952a35e011678b1dbfabafdff73dba065ace8a3</hash>
        <hash alg="SHA3-512">76bec6bb2cdbc8da043760a7aedd51203c8d70b740c9b8de0ba6b0cf9ad991a58059566e7f62dee30606f32d267b2596d5bd5e885c73e336ae7fff6cf7f970db</hash>
      </hashes>
      <licenses>
        <license>
          <id>Apache-2.0</id>
          <url>https://www.apache.org/licenses/LICENSE-2.0</url>
        </license>
      </licenses>
      <purl>pkg:maven/org.osgi/org.osgi.annotation.bundle@2.0.0?type=jar</purl>
      <externalReferences>
        <reference type="website">
          <url>https://docs.osgi.org/</url>
        </reference>
        <reference type="vcs">
          <url>https://github.com/osgi/osgi</url>
        </reference>
      </externalReferences>
    </component>
    <component type="library" bom-ref="pkg:maven/org.osgi/org.osgi.annotation.versioning@1.1.2?type=jar">
      <publisher>Eclipse Foundation</publisher>
      <group>org.osgi</group>
      <name>org.osgi.annotation.versioning</name>
      <version>1.1.2</version>
      <description>OSGi Companion Code for org.osgi.annotation.versioning Version 1.1.2</description>
      <scope>required</scope>
      <hashes>
        <hash alg="MD5">a61b3b8d09c85ad296c61e21bf77ec70</hash>
        <hash alg="SHA-1">dc3cd4ec96c0b3c5459fe00694bd73a816ecf93e</hash>
        <hash alg="SHA-256">f51f235e80df8ffbc30ef1b557b6ea38a696632d675404ec117e952978b8b863</hash>
        <hash alg="SHA-512">a4c612bec624a168f25f0923d51925bbc914686673eeebd5b2442998b876f05855e2b0a6e6e9aca4a6533ed3156b0d24f94c3e508ee9778e1b2e469be318afa3</hash>
        <hash alg="SHA-384">68a2046f083a2e77304622a56d07c0e73ba88534af4a87b5428cebf8b638c40ce21bbac089a8b5520ad488c946b633ea</hash>
        <hash alg="SHA3-384">930734f6979650191d51cd8bf1f9ab4548d307950735aa98e2dbda7aecc19b49d01a3b968824f6df2ffafce65e122c60</hash>
        <hash alg="SHA3-256">513392d0e8ddd873d04c5cf4f402a9cfe094413832bb859fe37b70fd0512dd12</hash>
        <hash alg="SHA3-512">3d2bd7d2eb784a9fab4b09c42adb0722363079235340f1915bb82a99f1c5e616ee8f3dc34d2c90b941d2651dcb4f393c7fea3e23b579456a696604148d10f22b</hash>
      </hashes>
      <licenses>
        <license>
          <id>Apache-2.0</id>
          <url>https://www.apache.org/licenses/LICENSE-2.0</url>
        </license>
      </licenses>
      <purl>pkg:maven/org.osgi/org.osgi.annotation.versioning@1.1.2?type=jar</purl>
      <externalReferences>
        <reference type="website">
          <url>https://docs.osgi.org/</url>
        </reference>
        <reference type="vcs">
          <url>https://github.com/osgi/osgi</url>
        </reference>
      </externalReferences>
    </component>
  </components>
  <dependencies>
    <dependency ref="pkg:maven/org.apache.logging.log4j/log4j-appserver@2.25.3?type=jar">
      <dependency ref="pkg:maven/org.eclipse.jetty/jetty-util@9.4.57.v20241219?type=jar"/>
      <dependency ref="pkg:maven/org.apache.tomcat/tomcat-juli@10.0.27?type=jar"/>
      <dependency ref="pkg:maven/org.apache.logging.log4j/log4j-api@2.25.3?type=jar"/>
      <dependency ref="pkg:maven/biz.aQute.bnd/biz.aQute.bnd.annotation@7.1.0?type=jar"/>
      <dependency ref="pkg:maven/com.google.errorprone/error_prone_annotations@2.38.0?type=jar"/>
      <dependency ref="pkg:maven/org.osgi/org.osgi.annotation.bundle@2.0.0?type=jar"/>
      <dependency ref="pkg:maven/org.osgi/org.osgi.annotation.versioning@1.1.2?type=jar"/>
    </dependency>
    <dependency ref="pkg:maven/org.eclipse.jetty/jetty-util@9.4.57.v20241219?type=jar"/>
    <dependency ref="pkg:maven/org.apache.tomcat/tomcat-juli@10.0.27?type=jar"/>
    <dependency ref="pkg:maven/org.apache.logging.log4j/log4j-api@2.25.3?type=jar"/>
    <dependency ref="pkg:maven/biz.aQute.bnd/biz.aQute.bnd.annotation@7.1.0?type=jar">
      <dependency ref="pkg:maven/org.osgi/org.osgi.resource@1.0.0?type=jar"/>
      <dependency ref="pkg:maven/org.osgi/org.osgi.service.serviceloader@1.0.0?type=jar"/>
    </dependency>
    <dependency ref="pkg:maven/org.osgi/org.osgi.resource@1.0.0?type=jar"/>
    <dependency ref="pkg:maven/org.osgi/org.osgi.service.serviceloader@1.0.0?type=jar"/>
    <dependency ref="pkg:maven/com.google.errorprone/error_prone_annotations@2.38.0?type=jar"/>
    <dependency ref="pkg:maven/org.osgi/org.osgi.annotation.bundle@2.0.0?type=jar">
      <dependency ref="pkg:maven/org.osgi/org.osgi.annotation.versioning@1.1.2?type=jar"/>
    </dependency>
    <dependency ref="pkg:maven/org.osgi/org.osgi.annotation.versioning@1.1.2?type=jar"/>
  </dependencies>
</bom>
