<?xml version="1.0" encoding="UTF-8"?>
<bom serialNumber="urn:uuid:e0556a7e-aaae-38e7-afd5-18c77131b660" version="1" xmlns="http://cyclonedx.org/schema/bom/1.6">
  <metadata>
    <lifecycles>
      <lifecycle>
        <phase>build</phase>
      </lifecycle>
    </lifecycles>
    <tools>
      <components>
        <component type="library">
          <author>OWASP Foundation</author>
          <group>org.cyclonedx</group>
          <name>cyclonedx-maven-plugin</name>
          <version>2.9.1</version>
          <description>CycloneDX Maven plugin</description>
          <hashes>
            <hash alg="MD5">9c7a565cf28cce58557d0c621c5ea4b1</hash>
            <hash alg="SHA-1">be882d5a22050bfa9d19090b1420c188617d0e1c</hash>
            <hash alg="SHA-256">698e0f37184a5b28c245c4065fd036dfce253b52f82fbb7113d81d36326cc249</hash>
            <hash alg="SHA-512">c0f0b11026858166f872a2eb54719492e5cecaa0bc9cd6b30b3ecb4a174eed220f4a1b5829d18d6734128e778d3cb3db7ffed177c92866133129cb29081814a0</hash>
            <hash alg="SHA-384">d80964707dfe5caca8c70521d5066f57589304c0a657e6fbc7c0614ea0fc7b3b3dbe7778361eee0f54ba111e9cb0ffcb</hash>
            <hash alg="SHA3-384">80bc3a275d9514bc457461ff52a72add8c7ecbbc01d8912efce57139016c544ee776981851be0a58fa977ab4221f703f</hash>
            <hash alg="SHA3-256">142317d6f245390f4fd2d0c100b16281b8dfc5c0c2cff86943bdcc97039cb699</hash>
            <hash alg="SHA3-512">af0fb9137c90b65d1a07f72e4d51ae509956cdb8800f35c961b037cdda1fe4a14ce3b496cef71ba85f1621affcfe29cd42704ae4191ff0b090a9602087c8997b</hash>
          </hashes>
        </component>
      </components>
    </tools>
    <component type="library" bom-ref="pkg:maven/org.apache.logging.log4j/log4j-mongodb4@2.25.3?type=jar">
      <publisher>The Apache Software Foundation</publisher>
      <group>org.apache.logging.log4j</group>
      <name>log4j-mongodb4</name>
      <version>2.25.3</version>
      <description>MongoDB appender for Log4j using the MongoDB 4 driver API.</description>
      <licenses>
        <license>
          <id>Apache-2.0</id>
          <url>https://www.apache.org/licenses/LICENSE-2.0</url>
        </license>
      </licenses>
      <purl>pkg:maven/org.apache.logging.log4j/log4j-mongodb4@2.25.3?type=jar</purl>
      <externalReferences>
        <reference type="vulnerability-assertion">
          <url>https://logging.apache.org/cyclonedx/vdr.xml</url>
        </reference>
        <reference type="website">
          <url>https://logging.apache.org/log4j/2.x/</url>
        </reference>
        <reference type="build-system">
          <url>https://github.com/apache/logging-log4j2/actions</url>
        </reference>
        <reference type="distribution">
          <url>https://logging.apache.org/log4j/2.x/download.html</url>
        </reference>
        <reference type="distribution-intake">
          <url>https://repository.apache.org/service/local/staging/deploy/maven2</url>
        </reference>
        <reference type="issue-tracker">
          <url>https://github.com/apache/logging-log4j2/issues</url>
        </reference>
        <reference type="mailing-list">
          <url>https://lists.apache.org/list.html?log4j-user@logging.apache.org</url>
        </reference>
        <reference type="vcs">
          <url>https://github.com/apache/logging-log4j2</url>
        </reference>
      </externalReferences>
    </component>
    <properties>
      <property name="maven.goal">makeBom</property>
      <property name="maven.scopes">compile,provided,runtime,system</property>
      <property name="cdx:reproducible">enabled</property>
    </properties>
  </metadata>
  <components>
    <component type="library" bom-ref="pkg:maven/org.apache.logging.log4j/log4j-api@2.25.3?type=jar">
      <publisher>The Apache Software Foundation</publisher>
      <group>org.apache.logging.log4j</group>
      <name>log4j-api</name>
      <version>2.25.3</version>
      <description>The logging API of the Log4j project.
    Library and application code can log through this API.
    It contains a simple built-in implementation (`SimpleLogger`) for trivial use cases.
    Production applications are recommended to use Log4j API in combination with a fully-fledged implementation, such as Log4j Core.</description>
      <scope>required</scope>
      <hashes>
        <hash alg="MD5">7061652b4274beeaa657ec908e83f491</hash>
        <hash alg="SHA-1">fb385330d89c2d61058ef649403f214633569205</hash>
        <hash alg="SHA-256">e886682920fa0fb9d6eb6395dcb4de088443f8646c89c5e5846e168e327f406f</hash>
        <hash alg="SHA-512">ce9aaf5beec0fb8cbed8c4ae8a91a58d3f6935c731220b294d70f1569128b5ff367e1bf94d69572dd7ab05bff2a63bde5ff7489eb9743e8c307b644eaeadbc50</hash>
        <hash alg="SHA-384">01b25f254468505753909fac3077dd62281aa34c897df3207b64a12999793adfbb1f6eb3cfce92d923e3110a4f5181e0</hash>
        <hash alg="SHA3-384">335eac952137a938a2f904819e000b969553fca341ff532e9af341e5a90b85f4335c1da69daf7d366970ac28d9ea7e1b</hash>
        <hash alg="SHA3-256">6dd281f828720e67baa3c9b0234b4e506918f2f0ec820cc1df7d93ddb6dfc9af</hash>
        <hash alg="SHA3-512">dfcfc37356e5604ac28643fc53ab8b04a5971aeb8daeaab83b5782f215dd53cb9517dbd41b32600f50d2ef878aa49e68e3aaaeeaa414e25b13e7aba032480dbc</hash>
      </hashes>
      <licenses>
        <license>
          <id>Apache-2.0</id>
          <url>https://www.apache.org/licenses/LICENSE-2.0</url>
        </license>
      </licenses>
      <purl>pkg:maven/org.apache.logging.log4j/log4j-api@2.25.3?type=jar</purl>
      <externalReferences>
        <reference type="website">
          <url>https://logging.apache.org/log4j/2.x/</url>
        </reference>
        <reference type="build-system">
          <url>https://github.com/apache/logging-log4j2/actions</url>
        </reference>
        <reference type="issue-tracker">
          <url>https://github.com/apache/logging-log4j2/issues</url>
        </reference>
        <reference type="mailing-list">
          <url>https://lists.apache.org/list.html?log4j-user@logging.apache.org</url>
        </reference>
        <reference type="vcs">
          <url>https://github.com/apache/logging-log4j2</url>
        </reference>
      </externalReferences>
    </component>
    <component type="library" bom-ref="pkg:maven/org.apache.logging.log4j/log4j-core@2.25.3?type=jar">
      <publisher>The Apache Software Foundation</publisher>
      <group>org.apache.logging.log4j</group>
      <name>log4j-core</name>
      <version>2.25.3</version>
      <description>A versatile, industrial-grade, and reference implementation of the Log4j API.
    It bundles a rich set of components to assist various use cases:
    Appenders targeting files, network sockets, databases, SMTP servers;
    Layouts that can render CSV, HTML, JSON, Syslog, etc. formatted outputs;
    Filters that can be configured using log event rates, regular expressions, scripts, time, etc.
    It contains several extension points to introduce custom components, if needed.</description>
      <scope>required</scope>
      <hashes>
        <hash alg="MD5">b77ecc775eee03b8152542cd1ea63ec1</hash>
        <hash alg="SHA-1">dd9c8ecba5c8dc5e1574804d0bfdc1ef155ad9ea</hash>
        <hash alg="SHA-256">362b7fcb65b73aa46cc4bc53abf4eb216f444a83b5d1a037cb6fdfff0ae9f0f9</hash>
        <hash alg="SHA-512">64a0776adfd0b082f80e49f4afb8998c15d30c515a3441a074364d37479a2fc059bdd74694c3f609b1fae1d2eca0cb88347e1afd88774ac698a42b8744bf259f</hash>
        <hash alg="SHA-384">246d8c99a0c693c4bd151079392625f31d334f77e0c545ab8463340692e2f866121e389cae1938dbc697a401d555886a</hash>
        <hash alg="SHA3-384">916c214666ae902eaa34e4a935b28cb1d4206167e54b94bf0024c0cbb1493ec4dcee9b3312014d9257b186e5210ff53e</hash>
        <hash alg="SHA3-256">5aa8b1f266cd4b152ef2dec75bf4c4e8f3fc863b3809e4a781f7062ed0d7804b</hash>
        <hash alg="SHA3-512">bc501fb72de40bc5732055de239e6cef41634028ee2a5a03efc651dcc7f20a2fcfadf1819ac0dcb143ea44664615a6c22651f3bd348f87d85716d2c0fb0eee07</hash>
      </hashes>
      <licenses>
        <license>
          <id>Apache-2.0</id>
          <url>https://www.apache.org/licenses/LICENSE-2.0</url>
        </license>
      </licenses>
      <purl>pkg:maven/org.apache.logging.log4j/log4j-core@2.25.3?type=jar</purl>
      <externalReferences>
        <reference type="website">
          <url>https://logging.apache.org/log4j/2.x/</url>
        </reference>
        <reference type="build-system">
          <url>https://github.com/apache/logging-log4j2/actions</url>
        </reference>
        <reference type="issue-tracker">
          <url>https://github.com/apache/logging-log4j2/issues</url>
        </reference>
        <reference type="mailing-list">
          <url>https://lists.apache.org/list.html?log4j-user@logging.apache.org</url>
        </reference>
        <reference type="vcs">
          <url>https://github.com/apache/logging-log4j2</url>
        </reference>
      </externalReferences>
    </component>
    <component type="library" bom-ref="pkg:maven/org.mongodb/bson@4.11.5?type=jar">
      <group>org.mongodb</group>
      <name>bson</name>
      <version>4.11.5</version>
      <description>The BSON library</description>
      <scope>required</scope>
      <hashes>
        <hash alg="MD5">24b81868e33bcf23f3df94042685b349</hash>
        <hash alg="SHA-1">7bf27e70b75102a6cafa3e2126e1105caa600867</hash>
        <hash alg="SHA-256">3ae8c7e798864163ca25082f2c2073c0af49bd37f3bad2b85517f833b4649eaf</hash>
        <hash alg="SHA-512">16c1336ae7d665e5cc70a9211d679a4e657ab294a30d965865ad86ca722f60e5d6ee2bc63ad4854ab73fefbc0d1e3df26a7f5e3c73f08be17c6b421355954087</hash>
        <hash alg="SHA-384">afdef3a048d732a262031d7bd527fb3d423661aee0ea43a2bee1b3ed8be95bfa9dc989dcfac3d266ab8d6f13d46363df</hash>
        <hash alg="SHA3-384">1a5dd940b85fb5c039e43f2bf48d194e301361d7a3731d393126b00c0b06828a3bb0788f2d2c79c3aae52e79129616b0</hash>
        <hash alg="SHA3-256">4187236a5539889c2d62c1fdfda2935e2a76b3f902aa6cbc31641dafd5006c24</hash>
        <hash alg="SHA3-512">c1fc6f9f4dc1654f542413160cb78f41bbff5483298e849c7e79446d884cb6a62d1d3c9fc972f10d429f216a9c7e53dd522cf6876c703deeebfc1ea112f49d39</hash>
      </hashes>
      <licenses>
        <license>
          <id>Apache-2.0</id>
        </license>
      </licenses>
      <purl>pkg:maven/org.mongodb/bson@4.11.5?type=jar</purl>
      <externalReferences>
        <reference type="website">
          <url>https://bsonspec.org</url>
        </reference>
        <reference type="vcs">
          <url>https://github.com/mongodb/mongo-java-driver</url>
        </reference>
      </externalReferences>
    </component>
    <component type="library" bom-ref="pkg:maven/org.mongodb/mongodb-driver-core@4.11.5?type=jar">
      <group>org.mongodb</group>
      <name>mongodb-driver-core</name>
      <version>4.11.5</version>
      <description>Shared components for the Synchronous and Reactive Streams implementations of the MongoDB Java Driver.</description>
      <scope>required</scope>
      <hashes>
        <hash alg="MD5">660d89c4ac9b212721b4c06622251ec4</hash>
        <hash alg="SHA-1">37467a113f0ec1c7123969ac4a7f09cd4236506d</hash>
        <hash alg="SHA-256">ed4f21acf33faf4ffef7c9876f7b4a679393291c1e03fcb811435a2f477d9fd5</hash>
        <hash alg="SHA-512">5b6681e5dcc76a519be2a9af77b29d328b91399f17f62b3d0c05938555aef399e47c91ec35e50d4d70c8b51ea28f465813a49a8b7c3e26e307e7eb4a1e318d35</hash>
        <hash alg="SHA-384">e49eb4805d80c0ebe7a92b7254ae0f9b5c30c6af37d430c2f37e18c800df2232117139d9433f1bc32901115fb6616c67</hash>
        <hash alg="SHA3-384">a99f49584be6f1c878f5e8adf0d24008218eb08b3180cbccbd3f1358920b2a85e208f76f0ab85386be9118d2f9d9d645</hash>
        <hash alg="SHA3-256">e72216b8286137581327122fd2f2972fa153ed076bcc7737d57eb78ccc47ccf7</hash>
        <hash alg="SHA3-512">ed5d47e46101c0b16d11f5109608e5ec58e8d86bffd1cf57ac11cb27c646188d04841b4f04c93bec133442861d5b213c362cb094414e0b821c92c684c27bf802</hash>
      </hashes>
      <licenses>
        <license>
          <id>Apache-2.0</id>
        </license>
      </licenses>
      <purl>pkg:maven/org.mongodb/mongodb-driver-core@4.11.5?type=jar</purl>
      <externalReferences>
        <reference type="website">
          <url>https://www.mongodb.com/</url>
        </reference>
        <reference type="vcs">
          <url>https://github.com/mongodb/mongo-java-driver</url>
        </reference>
      </externalReferences>
    </component>
    <component type="library" bom-ref="pkg:maven/org.mongodb/bson-record-codec@4.11.5?type=jar">
      <group>org.mongodb</group>
      <name>bson-record-codec</name>
      <version>4.11.5</version>
      <description>The BSON Codec for Java records</description>
      <scope>required</scope>
      <hashes>
        <hash alg="MD5">d65f34a545a0a3f4455acf961b0c9cff</hash>
        <hash alg="SHA-1">ea60dbdfc60f00ef3192d9bb0e53f505b0211594</hash>
        <hash alg="SHA-256">55849e32621ea1e37b97c572dc59452c201bf78123000565fa17b193bc4e96b2</hash>
        <hash alg="SHA-512">50fc645fa3f182b70691829b47b9c60785eaf983a8a7f073d891a919e2080455fe3df12fadba755db0e94dbf9691ab22077068f1db179efacb8bdd1f4e35b791</hash>
        <hash alg="SHA-384">3b364e443e18a12453d949b140a85a042a61aef2ae663e9393b627f4484422725030a399cca1119ce0970057b484a8d7</hash>
        <hash alg="SHA3-384">4fae0db424f7f70eb9f186a7ff30f84b73e4fc7b9f5833fe940f7c938b89a55b458ba9a91840aa426c06d9f551376996</hash>
        <hash alg="SHA3-256">3bde7d8ea3e7862f36e163a4a8d62edd28798282ef38998b99d9b3a250594931</hash>
        <hash alg="SHA3-512">849f3633eb79c96e4237f148de51d23e20e8cbfde0f9973f2012c5587a9a1b0c69d24960aa39a1a88d30a448bb2090c347e7f86a9cb05157cca24570c6141a98</hash>
      </hashes>
      <licenses>
        <license>
          <id>Apache-2.0</id>
        </license>
      </licenses>
      <purl>pkg:maven/org.mongodb/bson-record-codec@4.11.5?type=jar</purl>
      <externalReferences>
        <reference type="website">
          <url>https://www.mongodb.com/</url>
        </reference>
        <reference type="vcs">
          <url>https://github.com/mongodb/mongo-java-driver</url>
        </reference>
      </externalReferences>
    </component>
    <component type="library" bom-ref="pkg:maven/org.mongodb/mongodb-driver-sync@4.11.5?type=jar">
      <group>org.mongodb</group>
      <name>mongodb-driver-sync</name>
      <version>4.11.5</version>
      <description>The MongoDB Synchronous Driver</description>
      <scope>required</scope>
      <hashes>
        <hash alg="MD5">9d855239602a317fa4f40fb0671f3b15</hash>
        <hash alg="SHA-1">d6450e1d4a6bdb65f87820facf68ef5e4785370c</hash>
        <hash alg="SHA-256">95a992240afe1b85cac42f42459add84fa98f5b6649d39ba023d22d18b09fdeb</hash>
        <hash alg="SHA-512">eeb669eef97d5133f290c9678fc544459e485fec1c9beb55a01b9eba695951f76178affe2f920830750372525f2864fba11dd3f558a07637940bcad627254ab8</hash>
        <hash alg="SHA-384">fdce3ea738afe0662bb4f65f31a2d2d04c60865ed8920197d98c3a83d3d091f80ab288107b926b782d01cb551d972954</hash>
        <hash alg="SHA3-384">8ca679ae992821b59bc8f93425660f26e8e953852b6ebca273f39b1aa012d21fa63c0b940d0bc3a39c65e9cf083028af</hash>
        <hash alg="SHA3-256">dee6fa6831a3d709cdd77018f260ea30ed292d7ad97f2b92a7f7395fd78d1822</hash>
        <hash alg="SHA3-512">c4df88a5de01b4a760cd37362358e1e065b1107f657d98eca364f2ddc9ea2c0f7ddf687a0ddcb1ce75f3c2b180b06110e46e457485d22f8fcce2da90bd637f74</hash>
      </hashes>
      <licenses>
        <license>
          <id>Apache-2.0</id>
        </license>
      </licenses>
      <purl>pkg:maven/org.mongodb/mongodb-driver-sync@4.11.5?type=jar</purl>
      <externalReferences>
        <reference type="website">
          <url>https://www.mongodb.com/</url>
        </reference>
        <reference type="vcs">
          <url>https://github.com/mongodb/mongo-java-driver</url>
        </reference>
      </externalReferences>
    </component>
    <component type="library" bom-ref="pkg:maven/biz.aQute.bnd/biz.aQute.bnd.annotation@7.1.0?type=jar">
      <publisher>Bndtools</publisher>
      <group>biz.aQute.bnd</group>
      <name>biz.aQute.bnd.annotation</name>
      <version>7.1.0</version>
      <description>bnd Annotations Library</description>
      <scope>required</scope>
      <hashes>
        <hash alg="MD5">664c398da304527f42ab13a0f8036025</hash>
        <hash alg="SHA-1">2f2be18c936d08cf46ea6cfa0043f34afdf38705</hash>
        <hash alg="SHA-256">f69c2de3a695c113d125ac8053c92a680a3ce9d02ea25845095cf2d4626a7663</hash>
        <hash alg="SHA-512">b29e68403ff0b0cd0efacf23a466390b922ef464f79b49c25518864839a1cd86329ace0a7214c6f0ce99056019d857301994bbb71dea0c35dd94511edd789ca4</hash>
        <hash alg="SHA-384">71a5290b7cde52d3cae668492cfb368c6955a176dd7442a93e0f26f2258806c56b45869436ad9f336ad3f7a316b45838</hash>
        <hash alg="SHA3-384">84c2757373413bfaedba04dc84329bf01b26c02a417d87674842f147a05e4001ed154efecc0f43d4473b8a7ba5175296</hash>
        <hash alg="SHA3-256">f3cd557e7b9b6f8996ea1006cce7d4b007fbd3b1fc27b62dacdece5e38988d9e</hash>
        <hash alg="SHA3-512">2059f5cb86d9d1b71479d2217107584fb0ff880f064a2cae0dd916d840e660314aaa746d4e6451c15ae56a500bc4e18191b40662ee4eda52aa3b0c33ea82c94b</hash>
      </hashes>
      <licenses>
        <license>
          <name>(Apache-2.0 OR EPL-2.0)</name>
          <url>https://opensource.org/licenses/Apache-2.0,https://opensource.org/licenses/EPL-2.0</url>
        </license>
      </licenses>
      <purl>pkg:maven/biz.aQute.bnd/biz.aQute.bnd.annotation@7.1.0?type=jar</purl>
      <externalReferences>
        <reference type="website">
          <url>https://bnd.bndtools.org/</url>
        </reference>
        <reference type="vcs">
          <url>https://github.com/bndtools/bnd</url>
        </reference>
      </externalReferences>
    </component>
    <component type="library" bom-ref="pkg:maven/org.osgi/org.osgi.resource@1.0.0?type=jar">
      <publisher>OSGi Alliance</publisher>
      <group>org.osgi</group>
      <name>org.osgi.resource</name>
      <version>1.0.0</version>
      <description>OSGi Companion Code for org.osgi.resource Version 1.0.0.</description>
      <scope>required</scope>
      <hashes>
        <hash alg="MD5">7d857a4203e2996fab0cf070133e43df</hash>
        <hash alg="SHA-1">343c88949132984b3f2d4175a72c40b77dc65619</hash>
        <hash alg="SHA-256">81fc50f1f1d38a4af28e131907d4afe213249aab05060484edca0e60c4af9b4a</hash>
        <hash alg="SHA-512">4e798790856f83f50832db80bfab64dfceeff1c509d7dde43e74a9f9192ea7a7d5ea77b9b1e81291fa6ba3dcef5ab8fa791ca8093a72a08d7ca6f6499e13e506</hash>
        <hash alg="SHA-384">73038c395166552b64b6b5469bd8056584f48d19b5762df2e8bd2770405ed8f6071e397a87d9a7ed39f8c2e0e8ab85b2</hash>
        <hash alg="SHA3-384">e06c8a460b3bf06d6cb22237aeffa6afd2eadd9461096c67b768a14603ad8aaa88f891d03cf0a273a99d86906c1c8eb3</hash>
        <hash alg="SHA3-256">1097cfd20e80ce368fd828a23ad7c32a202cebd92106f6ebb88ba55ca74349ee</hash>
        <hash alg="SHA3-512">d7b710e1e0484badb875f326c602c90df6705df48b0f057320919a5255d3ecbddd7053eabc68787480a70aebd7e553e9f51728112e1fa0846c849366b7e8d69b</hash>
      </hashes>
      <licenses>
        <license>
          <id>Apache-2.0</id>
        </license>
      </licenses>
      <purl>pkg:maven/org.osgi/org.osgi.resource@1.0.0?type=jar</purl>
      <externalReferences>
        <reference type="website">
          <url>http://www.osgi.org/</url>
        </reference>
        <reference type="vcs">
          <url>https://osgi.org/git/build.git</url>
        </reference>
      </externalReferences>
    </component>
    <component type="library" bom-ref="pkg:maven/org.osgi/org.osgi.service.serviceloader@1.0.0?type=jar">
      <publisher>OSGi Alliance</publisher>
      <group>org.osgi</group>
      <name>org.osgi.service.serviceloader</name>
      <version>1.0.0</version>
      <description>OSGi Companion Code for org.osgi.service.serviceloader Version 1.0.0.</description>
      <scope>required</scope>
      <hashes>
        <hash alg="MD5">4943f0102a6d893c4dd77f369a5f0537</hash>
        <hash alg="SHA-1">3728ff37909c6a3c1870b3e851342d9f2bd3cc63</hash>
        <hash alg="SHA-256">8f876ce2a9aa4e95b1f1952950255103e2487425050a654f3285447ba601c154</hash>
        <hash alg="SHA-512">a7def4cb7a8ed992645faa80a780e0b30bd39c1587b5bcb65fe170d10842d0d880c2849edd50c64807fe0e4b9cc0051337d1b161d0d390465d9e63a762861c49</hash>
        <hash alg="SHA-384">1e480694b8a541da4cd1e044d3f3ea3cd55152515ac022b80d865b6654242506c2138daabb4e71c30d36b12b9aaf676d</hash>
        <hash alg="SHA3-384">7f076af200ae9c2bd9f235b949aee01a1a758c8aac10fee8b98ec2497197d2029117d5627eb0eabd9b42979eb1baa009</hash>
        <hash alg="SHA3-256">83b1dce69c4c899176eb6e368e434ecb77dfed7c436530b8c5d08b9b6f2430aa</hash>
        <hash alg="SHA3-512">5debde53a7ead231dcd907467d59728f59cae4eb3b967c19808f78890bd97d2f04657cad9c093e88f9818338b0b3b38a57c66400ebcff61fbb26d18e9f7bf8ed</hash>
      </hashes>
      <licenses>
        <license>
          <id>Apache-2.0</id>
        </license>
      </licenses>
      <purl>pkg:maven/org.osgi/org.osgi.service.serviceloader@1.0.0?type=jar</purl>
      <externalReferences>
        <reference type="website">
          <url>http://www.osgi.org/</url>
        </reference>
        <reference type="vcs">
          <url>https://osgi.org/git/build.git</url>
        </reference>
      </externalReferences>
    </component>
    <component type="library" bom-ref="pkg:maven/com.google.errorprone/error_prone_annotations@2.38.0?type=jar">
      <publisher>Google LLC</publisher>
      <group>com.google.errorprone</group>
      <name>error_prone_annotations</name>
      <version>2.38.0</version>
      <description>Error Prone is a static analysis tool for Java that catches common programming mistakes at compile-time.</description>
      <scope>required</scope>
      <hashes>
        <hash alg="MD5">912f8206614000252841d89cb0461895</hash>
        <hash alg="SHA-1">fc0ae991433e8590ba51cd558421478318a74c8c</hash>
        <hash alg="SHA-256">6661d5335090a5fc61dd869d2095bc6c1e2156e3aa47a6e4ababdf64c99a7889</hash>
        <hash alg="SHA-512">b13fdb7e06ec1f12ea1d63b0ff942c239e4decb391d736a1f7d46c9aa9e2744e9391be4398a02a78d551a96969622e65b75bbd31e5bf67a5938716765f451f3a</hash>
        <hash alg="SHA-384">47be5289bf8ca3f9dfe2d22e4baf6defc71dabb5476f878a240412e336d77d81148b2f79ffc0702079e48bd67ad7fd22</hash>
        <hash alg="SHA3-384">53f3f57b51ea34afd38e1270fbe08dfcf1e2dcfb50f4ac9369bb625febb75611c9e5d8bb09f4dfcb504b5d0b9ac47443</hash>
        <hash alg="SHA3-256">02eaa5431cda49a9e702cac4ad8051d88397e1d5219a0ef65673dae8eaf9c70d</hash>
        <hash alg="SHA3-512">0307dfc76cae6d539d93649ef3ccb85937d62f6f74be212e8a05ae1cc892f3b63a5c03cd6f61ace9f5dbd0f8dfb0baf086eaf3cd10bbefd22640966d00686dac</hash>
      </hashes>
      <licenses>
        <license>
          <id>Apache-2.0</id>
        </license>
      </licenses>
      <purl>pkg:maven/com.google.errorprone/error_prone_annotations@2.38.0?type=jar</purl>
      <externalReferences>
        <reference type="website">
          <url>https://errorprone.info/error_prone_annotations</url>
        </reference>
        <reference type="vcs">
          <url>https://github.com/google/error-prone/error_prone_annotations</url>
        </reference>
      </externalReferences>
    </component>
    <component type="library" bom-ref="pkg:maven/org.osgi/org.osgi.annotation.bundle@2.0.0?type=jar">
      <publisher>Eclipse Foundation</publisher>
      <group>org.osgi</group>
      <name>org.osgi.annotation.bundle</name>
      <version>2.0.0</version>
      <description>OSGi Companion Code for org.osgi.annotation.bundle Version 2.0.0</description>
      <scope>required</scope>
      <hashes>
        <hash alg="MD5">19115314a0ce4cfb711a811dcc0be0a3</hash>
        <hash alg="SHA-1">f5c2cd6e670c3c5d440d3003efd5ef2ead5c68eb</hash>
        <hash alg="SHA-256">b9c9546ec5be3ebc2e85ba4919150ad76d64594805282fc895133a47d264a7ae</hash>
        <hash alg="SHA-512">f16b8983240ba3c08d6bc78e2eae92e89eb528f32a705961d90b463def0a5ed1ba08cc3d0be38b5dcfb946c6f759df772e122fb769e58e8c20aa79a489a1fd21</hash>
        <hash alg="SHA-384">88217b7d3a2d9a0a3f005162b95d68ba2bd29629688b2c32e93e4587d89fe6bd468f5c62ef422ebf2b609d402e62ff56</hash>
        <hash alg="SHA3-384">c7ee64dd3e235d900d01d8629b82245303d34a006e1edcd2571ef736d9c6256dcb718be326ad4909cb6d2cea26118ea9</hash>
        <hash alg="SHA3-256">9adcacb036caf30d17a13fcd5952a35e011678b1dbfabafdff73dba065ace8a3</hash>
        <hash alg="SHA3-512">76bec6bb2cdbc8da043760a7aedd51203c8d70b740c9b8de0ba6b0cf9ad991a58059566e7f62dee30606f32d267b2596d5bd5e885c73e336ae7fff6cf7f970db</hash>
      </hashes>
      <licenses>
        <license>
          <id>Apache-2.0</id>
          <url>https://www.apache.org/licenses/LICENSE-2.0</url>
        </license>
      </licenses>
      <purl>pkg:maven/org.osgi/org.osgi.annotation.bundle@2.0.0?type=jar</purl>
      <externalReferences>
        <reference type="website">
          <url>https://docs.osgi.org/</url>
        </reference>
        <reference type="vcs">
          <url>https://github.com/osgi/osgi</url>
        </reference>
      </externalReferences>
    </component>
    <component type="library" bom-ref="pkg:maven/org.osgi/org.osgi.annotation.versioning@1.1.2?type=jar">
      <publisher>Eclipse Foundation</publisher>
      <group>org.osgi</group>
      <name>org.osgi.annotation.versioning</name>
      <version>1.1.2</version>
      <description>OSGi Companion Code for org.osgi.annotation.versioning Version 1.1.2</description>
      <scope>required</scope>
      <hashes>
        <hash alg="MD5">a61b3b8d09c85ad296c61e21bf77ec70</hash>
        <hash alg="SHA-1">dc3cd4ec96c0b3c5459fe00694bd73a816ecf93e</hash>
        <hash alg="SHA-256">f51f235e80df8ffbc30ef1b557b6ea38a696632d675404ec117e952978b8b863</hash>
        <hash alg="SHA-512">a4c612bec624a168f25f0923d51925bbc914686673eeebd5b2442998b876f05855e2b0a6e6e9aca4a6533ed3156b0d24f94c3e508ee9778e1b2e469be318afa3</hash>
        <hash alg="SHA-384">68a2046f083a2e77304622a56d07c0e73ba88534af4a87b5428cebf8b638c40ce21bbac089a8b5520ad488c946b633ea</hash>
        <hash alg="SHA3-384">930734f6979650191d51cd8bf1f9ab4548d307950735aa98e2dbda7aecc19b49d01a3b968824f6df2ffafce65e122c60</hash>
        <hash alg="SHA3-256">513392d0e8ddd873d04c5cf4f402a9cfe094413832bb859fe37b70fd0512dd12</hash>
        <hash alg="SHA3-512">3d2bd7d2eb784a9fab4b09c42adb0722363079235340f1915bb82a99f1c5e616ee8f3dc34d2c90b941d2651dcb4f393c7fea3e23b579456a696604148d10f22b</hash>
      </hashes>
      <licenses>
        <license>
          <id>Apache-2.0</id>
          <url>https://www.apache.org/licenses/LICENSE-2.0</url>
        </license>
      </licenses>
      <purl>pkg:maven/org.osgi/org.osgi.annotation.versioning@1.1.2?type=jar</purl>
      <externalReferences>
        <reference type="website">
          <url>https://docs.osgi.org/</url>
        </reference>
        <reference type="vcs">
          <url>https://github.com/osgi/osgi</url>
        </reference>
      </externalReferences>
    </component>
  </components>
  <dependencies>
    <dependency ref="pkg:maven/org.apache.logging.log4j/log4j-mongodb4@2.25.3?type=jar">
      <dependency ref="pkg:maven/org.apache.logging.log4j/log4j-api@2.25.3?type=jar"/>
      <dependency ref="pkg:maven/org.apache.logging.log4j/log4j-core@2.25.3?type=jar"/>
      <dependency ref="pkg:maven/org.mongodb/bson@4.11.5?type=jar"/>
      <dependency ref="pkg:maven/org.mongodb/mongodb-driver-core@4.11.5?type=jar"/>
      <dependency ref="pkg:maven/org.mongodb/mongodb-driver-sync@4.11.5?type=jar"/>
      <dependency ref="pkg:maven/biz.aQute.bnd/biz.aQute.bnd.annotation@7.1.0?type=jar"/>
      <dependency ref="pkg:maven/com.google.errorprone/error_prone_annotations@2.38.0?type=jar"/>
      <dependency ref="pkg:maven/org.osgi/org.osgi.annotation.bundle@2.0.0?type=jar"/>
      <dependency ref="pkg:maven/org.osgi/org.osgi.annotation.versioning@1.1.2?type=jar"/>
    </dependency>
    <dependency ref="pkg:maven/org.apache.logging.log4j/log4j-api@2.25.3?type=jar"/>
    <dependency ref="pkg:maven/org.apache.logging.log4j/log4j-core@2.25.3?type=jar">
      <dependency ref="pkg:maven/org.apache.logging.log4j/log4j-api@2.25.3?type=jar"/>
    </dependency>
    <dependency ref="pkg:maven/org.mongodb/bson@4.11.5?type=jar"/>
    <dependency ref="pkg:maven/org.mongodb/mongodb-driver-core@4.11.5?type=jar">
      <dependency ref="pkg:maven/org.mongodb/bson@4.11.5?type=jar"/>
      <dependency ref="pkg:maven/org.mongodb/bson-record-codec@4.11.5?type=jar"/>
    </dependency>
    <dependency ref="pkg:maven/org.mongodb/bson-record-codec@4.11.5?type=jar">
      <dependency ref="pkg:maven/org.mongodb/bson@4.11.5?type=jar"/>
    </dependency>
    <dependency ref="pkg:maven/org.mongodb/mongodb-driver-sync@4.11.5?type=jar">
      <dependency ref="pkg:maven/org.mongodb/bson@4.11.5?type=jar"/>
      <dependency ref="pkg:maven/org.mongodb/mongodb-driver-core@4.11.5?type=jar"/>
    </dependency>
    <dependency ref="pkg:maven/biz.aQute.bnd/biz.aQute.bnd.annotation@7.1.0?type=jar">
      <dependency ref="pkg:maven/org.osgi/org.osgi.resource@1.0.0?type=jar"/>
      <dependency ref="pkg:maven/org.osgi/org.osgi.service.serviceloader@1.0.0?type=jar"/>
    </dependency>
    <dependency ref="pkg:maven/org.osgi/org.osgi.resource@1.0.0?type=jar"/>
    <dependency ref="pkg:maven/org.osgi/org.osgi.service.serviceloader@1.0.0?type=jar"/>
    <dependency ref="pkg:maven/com.google.errorprone/error_prone_annotations@2.38.0?type=jar"/>
    <dependency ref="pkg:maven/org.osgi/org.osgi.annotation.bundle@2.0.0?type=jar">
      <dependency ref="pkg:maven/org.osgi/org.osgi.annotation.versioning@1.1.2?type=jar"/>
    </dependency>
    <dependency ref="pkg:maven/org.osgi/org.osgi.annotation.versioning@1.1.2?type=jar"/>
  </dependencies>
</bom>
